id,Name
0/b0,"""The Younger Memnon"", Colossal bust of Ramesses II.png"
0/b1,A Boy.png
0/b2,A Bust of a Young Man.png
0/b3,A Bust of Moses.png
0/b4,A Childs Love.png
0/b5,"A Female Portrait at MUZEON, Moscow.png"
0/b6,A fragmentary Roman marble portrait head of a man.png
0/b7,A Greek General (Strategos).png
0/b8,A Janiform Kantharos.png
0/b9,A Knight of Santiago.png
0/b10,A Lady of the Zorzi Family.png
0/b11,A Little Prince.png
0/b12,A Novelty Drinking Cup.png
0/b13,A Peasant from Yasnaya Polyana.png
0/b14,A Portrait in a Wig.png
0/b15,A Portrait of Alexander Solzhenitsyn.png
0/b16,A portrait.png
0/b17,A Roman in Heroic Guise.png
0/b18,A Roman Lady.png
0/b19,"A Roman marble bust of the Emperor Caracalla, of the ""sole-rule"" type.png"
0/b20,A Roman marble head of a god.png
0/b21,A Roman marble head of a satyr.png
0/b22,A Roman marble head-portrait of the young Commodus.png
0/b23,A Roman marble male portrait bust.png
0/b24,A Roman marble portrait head of a young woman.png
0/b25,A Roman marble portrait head of the Emperor Caracalla.png
0/b26,A Roman of Mature Years.png
0/b27,A Roman Woman.png
0/b28,A Roman.png
0/b29,"A Scots Girl at The Scottish National Gallery, Scotland.png"
0/b30,A Veiled Roman.png
0/b31,A Venetian Ecclesiastic.png
0/b32,A wooden mummy mask.png
0/b33,"A Working Chap at Muzeon, Moscow.png"
0/b34,A Young Woman (Roman).png
0/b35,A Young Woman in Pink Drapery.png
0/b36,Abraham Lincoln Life Mask (Volk).png
0/b37,Abraham Lincoln Life Mask.png
0/b38,Abstract seated man.png
0/b39,Academician Fersman.png
0/b40,Achilles (or Ares).png
0/b41,Aco Shopov Bust.png
0/b42,"Acromegaly Cast, 20th Century.png"
0/b43,Aeneas.png
0/b44,Aeschylus.png
0/b45,"African Head at The Réunion des Musées Nationaux, Paris.png"
0/b46,After the Vow.png
0/b47,Agnes Rauch with an ivy wreath (Agnes Rauch mit Efeukranz).png
0/b48,Agrippa Postumus.png
0/b49,Agrippina.png
0/b50,Ajax ( Greek Mythology).png
0/b51,Alcibiades.png
0/b52,Aleksandr Pavlovich Aleksandrov.png
0/b53,"Alessandro Volta at The Borghese Garden, Italy.png"
0/b54,Alesso di Luca Mini.png
0/b55,"Alex-Antoine Régny at The Musée des Beaux-Arts, Lyon.png"
0/b56,Alexander as Helios.png
0/b57,Alexander Gorchakov.png
0/b58,"Alexander Greek Thomson at The Kelvingrove Museum, Glasgow.png"
0/b59,Alexander Munro Secundus.png
0/b60,Alexander of Macedon (The Great).png
0/b61,Alexander Pope.png
0/b62,"Alexander the Great as a Young Herakles at The Metropolitan Museum of Art, New York.png"
0/b63,"Alexander the Great at Warandepark, Brussels.png"
0/b64,"Alexander the Great in Lens, France.png"
0/b65,"Alexander Tietz in Resita, Romania.png"
0/b66,"Alexandra Feodorovna, Tsarina of Russia.png"
0/b67,"Alexandru Acerescu in Alba Iulia, Romania.png"
0/b68,"Alexandru Borza bust in the Botanical Gardens, Cluj.png"
0/b69,"Alexandru Dimitrie Xenopol in Arad, Romania.png"
0/b70,"Alexandru Mocioni in Timisoara, Romania.png"
0/b71,"Alexandru Vaida Voievod bust in Cluj, Romania.png"
0/b72,"Alexandru Vaida-Voevod in Alba Iulia, Romania.png"
0/b73,Alexei Nikolayevich Kosygin.png
0/b74,Alexey Arkhipovich Leonov.png
0/b75,Allan Ramsay.png
0/b76,Allegorical Bust.png
0/b77,Allegory of Abundance.png
0/b78,Allegory of Autumn (Bacchus).png
0/b79,Allegory of Peace.png
0/b80,Allegory of the Day.png
0/s0,"""Apollo"" of Tenea.png"
0/s1,"""Xanten Youth"".png"
0/s2,A Body Herm of the God Priapus.png
0/s3,A boy with a book.png
0/s4,"A Dancer Ready to Dance, the Right Foot Forward at The Barber Institute, Birmingham.png"
0/s5,A Female Statue in a Reddish Terracotta.png
0/s6,A figurine.png
0/s7,A Girl with Pigeons (Innocence).png
0/s8,A Guardian Angel.png
0/s9,A Hellenistic King.png
0/s10,A Mother and a Son.png
0/s11,A Nereid.png
0/s12,A rishi or Hindu sage.png
0/s13,"A Slavic Woman at MUSEON, Moscow.png"
0/s14,"A Soldier at MUZEON, Moscow.png"
0/s15,A Victorious Danish Soldier.png
0/s16,"A Woman Builder at MUZEON, Moscow.png"
0/s17,A Woman with a Garland of Roses.png
0/s18,A woman with a goat.png
0/s19,A young woman.png
0/s20,"Abbot at The Musée des Beaux-Arts, Lyon.png"
0/s21,Abduction of Polyxena.png
0/s22,"Abraham Lincoln The Man Sculpture at the MET, New York.png"
0/s23,"Abundance in Brussels, Belgium.png"
0/s24,"Achelous at The Palace of Versailles, France.png"
0/s25,Achilles reaching for his heel.png
0/s26,Achilles Wounded in the Heel by Paris.png
0/s27,Actaeon.png
0/s28,"Actor dressed as Papposilenus at The Altes Museum, Berlin.png"
0/s29,Actor in the Costume.png
0/s30,Adam and Eve: Adam.png
0/s31,Adam and Eve: Eve.png
0/s32,Adam.png
0/s33,Adonis garlaned by Venus.png
0/s34,"Adorante restored to be Euterpe at The Louvre, Paris.png"
0/s35,Adoring angel.png
0/s36,After Work.png
0/s37,Agrippina with a Cinerary.png
0/s38,"Alabastron (perfume vase) in the form of a woman at The British Museum, London.png"
0/s39,"Albert Szent-Györgyi in Szeged, Hungary.png"
0/s40,Aletheia.png
0/s41,"Alexander the Great at The Ny Carlsberg Glyptotek, Copenhagen.png"
0/s42,Allegorical Seasons - Autumn.png
0/s43,Allegorical Seasons - Spring.png
0/s44,Allegorical Seasons - Summer.png
0/s45,Allegory of Architecture.png
0/s46,Allegory of Egypt.png
0/s47,Allegory of Fire.png
0/s48,Allegory of Honour.png
0/s49,Allegory of Justice (?).png
0/s50,Allegory of Loyalty.png
0/s51,"Allegory of Peace at The Kiev Museum of Western and Oriental Art, Ukraine.png"
0/s52,Allegory of Religion.png
0/s53,Allegory of spring (Orans).png
0/s54,Allegory of the Arts.png
1/b0,"Alphonse de Lamartine at The Réunion des Musées Nationaux, Paris.png"
1/b1,Amedeo Modigliani.png
1/b2,"Amedeo, Duke of Aosta.png"
1/b3,An Allegory of Purity.png
1/b4,An Egyptian gilt cartonnage mummy mask.png
1/b5,An Egyptian granite head of a priest.png
1/b6,An Egyptian wood mummy mask.png
1/b7,Ancient female head with bandage.png
1/b8,Ancient Greek Head.png
1/b9,Andre Le Nortre (1613-1700).png
1/b10,Andreas Lens.png
1/b11,"Andrei Muresanu Bust in Astra Park, Sibiu.png"
1/b12,"Andrei Saguna Bust in Astra Park, Sibiu.png"
1/b13,Andrei Voronikhin.png
1/b14,Andrew Jackson.png
1/b15,Andrew Meller memorial (Mother and Child).png
1/b16,Angelica Catalani.png
1/b17,"Angelo Brofferio at The Borghese Garden, Italy.png"
1/b18,"Anghel Dumbraveanu in Timisoara, Romania.png"
1/b19,Anne Frank.png
1/b20,"Anne-Marie-Louise Thomas de Domangeville at The Art Institute of Chicago, USA.png"
1/b21,"Annibale Carracci at The Louvre, Paris.png"
1/b22,"Antefix (end-tile) head of the Gorgon nr1 at The British Museum, London.png"
1/b23,Antero Rinne.png
1/b24,Anthony Hamilton.png
1/s0,Allegory of Truth.png
1/s1,Allegory of Wealth.png
1/s2,Amazon.png
1/s3,"Amitabha Buddha at The British Museum, London.png"
1/s4,Amphitrite and Neptune.png
1/s5,Amphitrite.png
1/s6,"Amy Winehouse in Camden, London.png"
1/s7,"An American Stoic at The Amon Carter Museum in Fort Worth, Texas.png"
1/s8,An Egyptian Ptah.png
1/s9,Ancestral figure.png
1/s10,"Anchyrrohée or Terpsichore at The Louvre, Paris.png"
1/s11,Andersens Epitaph.png
1/s12,"Andrieu dAndres at The Musée Rodin, Paris.png"
1/s13,Andromeda and the Sea Monster.png
1/s14,Andromeda.png
1/s15,"Angel Fragment Of A Tomb in Brussels, Belgium.png"
1/s16,Angel from an Annunciation.png
1/s17,"Angel holding a Phylactery at The Musée des Beaux-Arts, Lyon.png"
1/s18,Angel of the Annunciation (?).png
1/s19,Angel of the Annunciation.png
1/s20,Angel on a capital.png
1/s21,Angel with skull and snake.png
1/s22,Angel with worshipper.png
1/s23,Angel.png
1/s24,Anna Archer at the Middelheim Museum.png
1/s25,"Anne de Bretagne at the Jardin du Luxembourg, Paris.png"
1/s26,"Anne Frank in Amsterdam, The Netherlands.png"
1/s27,"Anne of Austria in the Jardin du Luxembourg, Paris.png"
1/s28,Anthony the Great.png
1/s29,Artemis Statue.png
1/s30,"Artemis, known as the ‘Diana of Gabii’  Marble.png"
1/s31,Artemision Zeus.png
2/b0,"Arthur Wellesley bust at the National Portrait Gallery, London.png"
2/b1,Astorgio Manfredi.png
2/b2,Astrid Render Dece.png
2/b3,"Athena at The Réunion des Musées Nationaux, Paris.png"
2/b4,Athena Pallas.png
2/b5,Athenienne.png
2/b6,"Athlete or young god at The British Museum, London.png"
2/b7,Attalus.png
2/b8,August Vermeylen at the Middelheim Museum.png
2/b9,Auguste Quercy.png
2/b10,Augustus with the Civic Crown [1].png
2/b11,Augustus with the Civic Crown [2].png
2/b12,Augustus.png
2/b13,"Aurel Cosma in Timisoara, Romania.png"
2/b14,"Aurel Lazar in Alba Iulia, Romania.png"
2/b15,"Aurel Vlad in Alba Iulia, Romania.png"
2/b16,"Aurelio Saliceti at The Borghese Garden, Italy.png"
2/b17,Autumn.png
2/b18,Avicenna.png
2/b19,"Aymard-Jean de Nicolay at The Kimbell Art Museum, Texas.png"
2/b20,Baby Marlo.png
2/b21,"Bach at The Réunion des Musées Nationaux, Paris.png"
2/b22,"Barnaba Tortolini at The Borghese Garden, Italy.png"
2/b23,Baron Otto Hermann von Vietinghoff.png
2/b24,Baron Philipp voon Stosch.png
2/b25,Baron Seutin.png
2/b26,"Baudouin in Brussels, Belgium.png"
2/b27,"Bálint Sándor Bust in Szeged, Hungary.png"
2/b28,Bearded head of male votary.png
2/b29,Bearded head.png
2/b30,Bearded Hercules Head.png
2/b31,Bearded Man Head.png
2/b32,Beardless man with a fur cap.png
2/b33,Beatrice.png
2/b34,"Beethoven at Central Park, New York.png"
2/b35,"Beethoven at the Jardin du Luxembourg, Paris.png"
2/b36,"Beethoven at The Réunion des Musées Nationaux, Paris.png"
2/b37,"Bela Bartok in Timisoara, Romania.png"
2/b38,Bellum (War).png
2/b39,"Benczúr Gyula Bust in Szeged, Hungary.png"
2/b40,Benedictus XIV.png
2/b41,"Benjamin Franklin at the MET, New York.png"
2/b42,Bernardino Larghi.png
2/b43,Bertel Thorvaldsen.png
2/b44,"Béla Károlyi bust in Deva, Romania.png"
2/b45,Bias.png
2/b46,"Black Granite Head of Ramesses VI at The British Museum, London.png"
2/b47,"Bodhisattva at The British Museum, London.png"
2/b48,Bodhisattva Mahasthamaprapta.png
2/s0,"Arthur Wesley in London, United Kingdom.png"
2/s1,Artists model (Dunya).png
2/s2,"Asclepius at The British Museum, London.png"
2/s3,"Asia at The Palace of Versailles, France.png"
2/s4,Asian Woman.png
2/s5,"Assia in Antwerp, Belgium.png"
2/s6,Athena Cherchel-Ostia.png
2/s7,Athena From Pergamon.png
2/s8,Athena Hope-Farnese.png
2/s9,Athena of Castro Pretorio.png
2/s10,"Athena of Velletri at the Louvre, Paris.png"
2/s11,Athena Pallas Giustiniani.png
2/s12,Athena Parthenos.png
2/s13,"Athlete or Hero at The British Museum, London.png"
2/s14,Athlete Wrestling a Python.png
2/s15,"Atlas in Arcevia, Italy.png"
2/s16,Augustus as Pontiflex Maximus.png
2/s17,"Aule Meteli at The Museo Archeologico Nazionale, Florence.png"
2/s18,Aurora.png
2/s19,"Austrian Guard in Alba Iulia, Romania.png"
2/s20,"Autumn at the Palais des Beaux-Arts de Lille, France.png"
2/s21,"Avalokiteshvara at The British Museum, London.png"
2/s22,Avalokiteshvara Bodhisattva in the Water-Moon Form (Shuiyue Guanyin).png
2/s23,"Áron Márton in Cluj, Romania.png"
2/s24,Baby Jesus blessing.png
2/s25,Bacchante and Infant Faun.png
2/s26,"Bacchante at the Palace of Versailles, France.png"
2/s27,"Bacchante at The State Hermitage Museum, St Petersburg.png"
2/s28,"Bacchante in St-Niklaas, Belgium.png"
2/s29,Bacchante.png
2/s30,"Bacchus at The Boboli Gardens, Italy.png"
2/s31,"Bacchus at The Palace of Versailles, France.png"
2/s32,Bacchus with barrel.png
2/s33,Bacchus.png
2/s34,Bachó István.png
2/s35,Bagpipe player.png
2/s36,Baigneuse.png
2/s37,Bather (from a fountain group).png
2/s38,"Bather, also called Venus at The Louvre, Paris.png"
2/s39,Bather.png
2/s40,"Bathing Woman at The Réunion des Musées Nationaux, Paris.png"
2/s41,Baths of Diocletian.png
2/s42,"Batiste in Cambrai, France.png"
2/s43,Be in Time to Sing Lullabies.png
2/s44,Bean Brummell (1778 - 1840).png
2/s45,"Beatrice at The Musée des Beaux-Arts, Lyon.png"
2/s46,"Bela Bartok in Brussels, Belgium.png"
2/s47,"Bela Bartok in South Kensington, London.png"
2/s48,"Belvedere Antinous at The Palace of Versailles, France.png"
2/s49,"Berenice II of Egypt in The Palace of Versailles, France.png"
2/s50,Berlin Hermaphroditus.png
2/s51,"Bernard Palissy at the Petit Palais, Paris, France.png"
2/s52,Bernardin de Saint-Pierre.png
2/s53,"Berthe or Bertrade at the Jardin du Luxembourg, Paris.png"
2/s54,Birchwood Girl.png
2/s55,Bishop Saint.png
2/s56,"Bodhisattva at The Kiev Museum of Western and Oriental Art, Ukraine.png"
2/s57,"Bodhisattva Lokesvara Transformed into Siva at the Guimet Museum, Paris.png"
2/s58,"Bodhisattva Maitreya at the Guimet museum, Paris.png"
2/s59,"Bodhisattva Maitreya at The State Hermitage Museum, St Petersburg.png"
2/s60,Body of a man.png
3/b0,Bust of Antiphates.png
3/b1,"Bust of Alexandre Brongniart at The Kiev Museum of Western and Oriental Art, Ukraine.png"
3/b2,Brazil Indian (died 1823).png
3/b3,Bust of a young boy.png
3/b4,"Bust of Cosimo De Medici, San Francisco.png"
3/b5,Bruno Mussolini 1918-1941.png
3/b6,"Bust of a Youth at The Reunion des Musees Nationaux, Paris.png"
3/b7,Bust of Alfred Wolmark.png
3/b8,Brutus Rondanini.png
3/b9,"Bust of a Youth from Augustus Family at The State Hermitage Museum, St Petersburg.png"
3/b10,Bust of Antinous as Dionysus.png
3/b11,"Bust of a Roman at The Louvre, Paris.png"
3/b12,Bust of Cleopatra.png
3/b13,"Bust of a female deity at the Metropolitan Museum of Art, New York, USA.png"
3/b14,Boy with curly hair.png
3/b15,Bust of a philosopher or a monk.png
3/b16,"Bust of an Unidenfied Hellenistic Ruler at The British Museum, London.png"
3/b17,"Bronze figure of a kneeling man representing a Southerner at The British Museum, London.png"
3/b18,"Bust of Cardinal Orazio Mattei at The Birmingham Art Gallery, England.png"
3/b19,Bust of antonine woman.png
3/b20,Bust of Antoninus Pius.png
3/b21,Bust of a Roman.png
3/b22,Bust from the choir stall of the Cathedral in Poz.png
3/b23,Bust of a poet.png
3/b24,Bust of a Negress.png
3/b25,"Brutus The Younger at The Réunion des Musées Nationaux, Paris.png"
3/b26,Boris Pasternak.png
3/b27,"Bronze head of a woman or goddess at The British Museum, London.png"
3/b28,Bust of Caracalla as a child.png
3/b29,Bust of a Politician.png
3/b30,Bust of a Youth.png
3/b31,Bust of charioteer.png
3/b32,Bust of Anna Haava.png
3/b33,"Bust of a God at the Wallace Collection, London.png"
3/b34,Bust from the choir  stall of the Cathedral in Pozsony.png
3/b35,Bust of a youthful prince.png
3/b36,Bust of an unknown philosopher.png
3/b37,"Bust of a Man at The Musée des Beaux-Arts, Lyon.png"
3/b38,"Bust of a Roman, perhaps Gnaeus Domitius Corbulo at The State Hermitage Museum, St Petersburg.png"
3/b39,"Bust of a Man at  The Getty Villa, Los Angeles.png"
3/b40,Bust of Charles Dickens.png
3/b41,Bust of Apollonio Massa.png
3/b42,"Bust of a bearded male figure at The British Museum, London.png"
3/b43,Bust of Cicero.png
3/b44,Bust of a Woman (Ambai).png
3/b45,Bust of Antonina krasinska née Czacka.png
3/b46,"Bust of a Boy from the Augustus Family at The State Hermitage Museum, St Petersburg.png"
3/b47,Bust of Charles James Fox.png
3/b48,Bust of an Egyptian King.png
3/b49,"Bust at The Parc del Laberint dHorta, Barcelona.png"
3/b50,Bust of ancient scientist.png
3/b51,Boy with chicken.png
3/b52,Bust of a young man.png
3/b53,Boxer.png
3/b54,Bust of Alexander I.png
3/b55,Bust of Antoninus Pius portrayed as an Arval Brother.png
3/b56,"Bust of Augustus at The State Hermitage Museum, St Petersburg.png"
3/b57,Bust of Charles Darwin.png
3/b58,Bust of Commodus.png
3/b59,Bust of Albert Pakh.png
3/b60,Bust of a man (unknown).png
3/b61,"Bust of a Boy from the Julii-Claudian Family at The State Hermitage Museum, St Petersburg.png"
3/b62,"Bust of an Old Roman at The State Hermitage Museum, St Petersburg.png"
3/b63,Bust of Anna Imhoff.png
3/b64,"Bust of a Philosopher at The Wallace Collection, London.png"
3/b65,Bust of a Roman man.png
3/b66,"Bust of Athlete at the MET, New York.png"
3/b67,Bust from the choir  stall of the Cathedral in Poz.png
3/b68,Bust of Auguste Perret.png
3/b69,Bust of Bacchus.png
3/b70,Bust of a Chinese Man.png
3/b71,Boy with Plait.png
3/b72,Bust of Brutus.png
3/b73,Bust of Archbishop Johann Ladislaus Pyrker.png
3/b74,Bust of a Woman (Artemis?).png
3/b75,Bust of Alexander II.png
3/b76,Bust of  gabor Egressy.png
3/b77,Boy (spring).png
3/b78,"Bust of Caracalla at The Réunion des Musées Nationaux, Paris.png"
3/b79,"Bust of Antinous du Capitole at The Réunion des Musées Nationaux, Paris.png"
3/b80,"Bust in The Style of The Ares Borghese at The State Hermitage Museum, Russia.png"
3/b81,Bust of  Caroline Wohlfahrt.png
3/b82,Bust of a Viktoria.png
3/b83,Bust of Angélique d’Hannetaire.png
3/b84,Bust of a USSR Soldier.png
3/b85,Bust of Apollodorus of Damascus.png
3/b86,Bust of a priest (Yarhibola).png
3/b87,"Bust of an Athlete at The Museum of Western and Oriental Art, Kiev.png"
3/b88,Bust of a Faun.png
3/b89,Bust of a Men.png
3/b90,Bust of an elderly man.png
3/b91,Bust of a male.png
3/b92,Bust of an Unknown woman.png
3/b93,"Bust of a Young Roman from the Julii-Claudian Family at The State Hermitage Museum, St Petersburg.png"
3/b94,Bust of Christ.png
3/b95,Bust inspired by the so-called Capitoline Brutus.png
3/b96,Boro Shajn Bust.png
3/b97,Bust of a Yogini.png
3/b98,Bust of Ayrton Senna.png
3/b99,"Bust of Alexander Pope at The Barber Institute, Birmingham.png"
3/b100,Bust of a Nymph.png
3/b101,Bust of Adam Mickiewicz.png
3/b102,Bronze Head of Augustus.png
3/b103,Bust of an elderly Roman woman.png
3/b104,Bust of Aristotle.png
3/b105,"Bust of an African Man at The Wallace Collection, United Kingdom.png"
3/b106,Bust of Bartolomeo Colleoni.png
3/b107,Bust of a cuirass man.png
3/b108,Bust of an Officer.png
3/b109,"Bust of an Elderly Roman at The State Hermitage Museum, St Petersburg.png"
3/b110,"Bust of a Young Man at The Metropolitan Museum of Art, New York.png"
3/b111,Bust of Alexander Pope.png
3/b112,Brutus the Younger.png
3/b113,"Bust of Autumn at The State Hermitage Museum, St Petersburg.png"
3/b114,"Bust of Antinous as Dionysus at The State Hermitage Museum, St Petersburg.png"
3/b115,Bust of a Man (Poro).png
3/b116,"Buddha Protected by the Naga at The Guimet Museum, Paris.png"
3/b117,Bust of a Young Woman.png
3/b118,Bust of a man (Borfa).png
3/b119,"Bust of a Female Slave at The Ny Carlsberg Glyptotek, Copenhagen.png"
3/b120,Bust of a Young Lady.png
3/b121,Bust of a general : Aleksander III.png
3/b122,Bust of Antonia minor.png
3/b123,Bust of Anna Svídnická.png
3/b124,"Bust of a Child at The State Hermitage Museum, St Petersberg.png"
3/b125,Bust of a Goddess.png
3/b126,"Bust of a Woman at The Réunion des Musées Nationaux, Paris.png"
3/s0,Buddha Statue.png
3/s1,Bronze statue of a youth.png
3/s2,Boy in Cloak.png
3/s3,"Buddha protege par naga at The Guimet Museum, Paris, France.png"
3/s4,"Bronze statue of a man at The Metropolitan Museum of Art, New York.png"
3/s5,Buddha Preaching.png
3/s6,"Brahma at The Metropolitan Museum of Art, New York.png"
3/s7,Buildrager  Arbeid Vrijheid.png
3/s8,Bound Corsair.png
3/s9,Boy as Fountain Figure.png
3/s10,"Buddha Shakyamuni at The Kiev Museum of Western and Oriental Art, Ukraine.png"
3/s11,Boy removing a thorn.png
3/s12,Bombing victim.png
3/s13,Boy with Long Shorts.png
3/s14,"Boy at London Tower Bridge, London.png"
3/s15,"Brahma at the Guimet museum, Paris.png"
3/s16,Boy Statue.png
3/s17,Boy in a Bath.png
3/s18,"Bronze Statue of Camillus at MET, New York.png"
3/s19,"Bronze Youth at The British Museum, London.png"
4/b0,Bust of Johann Joachim Winckelmann.png
4/b1,Bust of Socrates.png
4/b2,Bust of Marius.png
4/b3,Bust of Heraclitus.png
4/b4,Bust of Vévoda Václav Lucemburský.png
4/b5,Bust of the Medici Venus.png
4/b6,"Bust of Hercules at The MET, New York.png"
4/b7,Bust of Thymbraeus.png
4/b8,"Bust of Jesus at The Réunion des Musées Nationaux, Paris.png"
4/b9,"Bust of Melpomene at The Réunion des Musées Nationaux, Paris.png"
4/b10,Bust of Madame de Pompadour.png
4/b11,Bust of Sir Walter Scott.png
4/b12,Bust of Jesse Hartley.png
4/b13,"Bust of Moliere at The Réunion des Musées Nationaux, Paris.png"
4/b14,"Camillo Benso at The Borghese Garden, Italy.png"
4/b15,Bust of Pierre Mignard.png
4/b16,"Bust of Nero in Warandepark, Brussels.png"
4/b17,Bust of Hadrian.png
4/b18,Bust of HRH Princess Amelia Sophia Eleanor.png
4/b19,Bust of Saint Francis of Assisi (San Francesco).png
4/b20,Bust of Prince Albert.png
4/b21,"Bust of Madame De Wailly at the MET, New York.png"
4/b22,Bust of Livia.png
4/b23,Bust of Gordian III.png
4/b24,Bust of Mother Mary.png
4/b25,"Bust of The Greek Slave at The Amon Carter Museum in Fort Worth, Texas.png"
4/b26,"Bust of Madame Récamier at The Barber Institute, Birmingham.png"
4/b27,Bust of Isis.png
4/b28,Bust of Joseph Mayer.png
4/b29,Bust of Hercules.png
4/b30,Bust of Man.png
4/b31,Bust of Iulia Titi.png
4/b32,"Bust of Raphael at The Louvre, Paris.png"
4/b33,"Bust of Nefertiti at the Neues Museum, Berlin.png"
4/b34,Bust of Jesus Christ.png
4/b35,"Bust of Menander at The State Hermitage Museum, St Petersburg.png"
4/b36,Bust of Noblewoman representing Barcelona.png
4/b37,Bust of the Younger Faustina.png
4/b38,"Bust of Venus of Arles at The Louvre, Paris.png"
4/b39,"Bust of Louis XIV at The Réunion des Musées Nationaux, Paris.png"
4/b40,Bust of Sigmund Freud.png
4/b41,"Carlo Goldoni at The Borghese Garden, Italy.png"
4/b42,Bust of Jawaharlal Nehru.png
4/b43,"Bust of The Nymph Salmacis at The Réunion des Musées Nationaux, Paris.png"
4/b44,"Bust of Medusa at The Musei Capitolini, Rome.png"
4/b45,Bust of Nicolay Przhevalsky.png
4/b46,"Bust of John Anderson at The London Docklands, England.png"
4/b47,Bust Of Young Simone Bianco.png
4/b48,Bust of Vibia Sabina.png
4/b49,Bust of the Emperor Antoninus Pius.png
4/b50,"Bust of Juliette Récamier at The Kiev Museum of Art, Ukraine.png"
4/b51,Bust of Janos Suszter.png
4/b52,Bust of Jean Baptiste Pointe DuSable.png
4/b53,"Bust of Lenin at the Islington Museum, London.png"
4/b54,Bust of John Sobieski.png
4/b55,"Bust of Johannes Gutenberg at Albertina, Vienna.png"
4/b56,Bust of the Marchioness of Granby.png
4/b57,Caligula.png
4/b58,Bust of The Diadumenos type.png
4/b59,"Bust of Johann Wolfgang von Goethe at Albertina, Vienna.png"
4/b60,Caesar Bust.png
4/b61,Bust of Julius Caesar.png
4/b62,"Bust of Pietro Tenerani in Florence, Italy.png"
4/b63,Bust of Homer.png
4/b64,Bust of Moncure Conway.png
4/b65,Bust of Sabine.png
4/b66,Bust of Pyrrhus.png
4/b67,Bust of Napoleon.png
4/b68,Bust of Josiah Wedgwood.png
4/b69,Bust of Woman.png
4/b70,"Bust of Marcus Aurelius, Young.png"
4/b71,"Bust of Pastor at The Réunion des Musées Nationaux, Paris.png"
4/b72,"Bust of the Count of Buffon at The State Hermitage Museum, St Petersburg.png"
4/b73,"Bust of Orestes at The Réunion des Musées Nationaux, Paris.png"
4/b74,Bust of Satyr.png
4/b75,Bust of Vasily Bazhenov.png
4/b76,Carl Blümel (1893 - 1976).png
4/b77,Bust of Virginia Woolf.png
4/b78,Bust of Peace.png
4/b79,Bust of Pope Benedict XIV.png
4/b80,Bust of Marie Casimire.png
4/b81,"Bust of Louis XVIII at The Louvre, Paris.png"
4/b82,Bust of Jean-Baptiste Colbert.png
4/b83,Bust of the emperor Septimius Severus.png
4/b84,Bust of Giovinetta.png
4/b85,Bust of Minerva.png
4/b86,Bust of James Young Simpson.png
4/b87,"Bust of Napoleon Bonaparte at The Fine Arts Museum in Ghent, Belgium.png"
4/b88,Bust of Septimius Severus.png
4/b89,"Bust of Moniuszko in Warsaw, Poland.png"
4/b90,Bust of John the Baptist.png
4/b91,Bust of Menelaus.png
4/b92,Bust of Thomas Stonor.png
4/b93,Bust of Napoleon I.png
4/b94,Bust of Rosalie Schodel.png
4/b95,"Capitoline Antinous at The Réunion des Musées Nationaux, Paris.png"
4/b96,Bust of Peggy.png
4/b97,Bust of László Szalay.png
4/b98,Bust of Juliette Recamier.png
4/b99,Bust symbolizing The Catholic Religion.png
4/b100,Carl Maria Friedrich Ernst von Weber.png
4/b101,Bust of Theodore Roosevelt at the American Museum of Natural History.png
4/b102,"Bust of Lucian Blaga in Cluj, Romania.png"
4/b103,Bust of John Milton.png
4/b104,"Bust of Lady Wallace at The Wallace Collection, London.png"
4/b105,"Bust of Prince Emanuele Filiberto, 2nd Duke of Aosta.png"
4/b106,Bust of Marcus Aurelius.png
4/b107,Bust of Johann Wolfgang von Goethe.png
4/b108,"Bust of Marianne (Catherine Deneuve) at The Réunion des Musées Nationaux, Paris.png"
4/b109,"Bust of Pericles at The British Museum, London.png"
4/b110,Bust of Polydeukes.png
4/b111,Bust of the Apollo Lykeios.png
4/b112,"Bust of Mozart at The Réunion des Musées Nationaux, Paris.png"
4/b113,Bust of Grand Prince of Tuscany.png
4/b114,Bust of Thusnelda.png
4/b115,Bust of Sulla.png
4/b116,Bust of Nicolas Poussin (?).png
4/b117,"Bust of the Empress Sabina at The Metropolitan Museum of Art, New York.png"
4/b118,Bust of John Goodsir.png
4/b119,"Bust of Nicolae I Dascalescu in Cluj, Romania.png"
4/b120,"Bust of Lucius Verus at The State Hermitage Museum, St Petersburg.png"
4/b121,Bust of Serapis.png
4/b122,Bust of Poliorketes (?).png
4/b123,Bust of Henri IV.png
4/b124,Bust of Laocoon.png
4/b125,Bust of the Farnese Hercules.png
4/b126,Bust of Johann Wolfgang goethe.png
4/s0,"Caracalla at The Lapidarium, Alba Iulia.png"
4/s1,"Cain after killing Abel at The Jardin des Tuileries, Paris.png"
4/s2,Calliope.png
4/s3,Capitoline Antinous.png
4/s4,Callipygian Venus.png
4/s5,"Cain Cursed in Brussels, Belgium.png"
4/s6,"Carlo Baron Marochetti at The National Portrait Gallery, London.png"
5/b0,Colossal Head of Hercules.png
5/b1,Colossal Head Monument.png
5/b2,Conrad Rantzau.png
5/b3,Corbel in the shape of a mans head.png
5/b4,Coquelin Aine en Crispin Bust.png
5/b5,Chopin.png
5/b6,"Cicero at The Louvre, Paris.png"
5/b7,Cherub.png
5/b8,"Claudia Olympias bust at The British Museum, London.png"
5/b9,Colossal head of a goddess.png
5/b10,Cicero.png
5/b11,"Chopin at The Réunion des Musées Nationaux, Paris.png"
5/b12,Colossal portrait head of a young man.png
5/b13,"Claus Florimund in Timisoara, Romania.png"
5/b14,Cleopatra.png
5/b15,Colossal Olmec Head.png
5/b16,"Corneliu Coposu in Arad, Romania.png"
5/b17,"Constantin Prezan in Alba Iulia, Romania.png"
5/b18,Colossal female head with turreted crown.png
5/b19,"Charles I of Hungary in Timisoara, Romania.png"
5/b20,"Charles Long, 1st Baron Farnborough.png"
5/b21,"Colossal Granite Head of Amenhotep III at The British Museum, London.png"
5/b22,"Cornel Miklosi in Timisoara, Romania.png"
5/b23,Charles Stephen Lewis Camus.png
5/b24,Colossal Head of a Goddess (Mens?).png
5/b25,Christ on the Cross.png
5/b26,Christian Friedrich Tieck.png
5/b27,Constantine the Great.png
5/b28,Clay bust of a goddess (Demeter?).png
5/b29,"Charles-Joseph Tissot at The Ny Carlsberg Glyptotek, Copenhagen.png"
5/b30,"Constantin Daicoviciu in Constantin Daicoviciu, Romania.png"
5/b31,Christino Rasponi.png
5/b32,Commemorative Head of a King.png
5/b33,Clemens Brentano.png
5/b34,ClytieAntonia.png
5/b35,"Charles James Fox at The State Hermitage Museum, St Petersburg.png"
5/b36,"Chrysippos at The British Museum, London.png"
5/b37,Commode Bust in an Amour.png
5/b38,"Cosimo I de Medici at The Louvre, Paris.png"
5/b39,Christian Daniel Rauch.png
5/b40,Citizen of Miletopolis.png
5/b41,Colossal Marble Bust of Zeus.png
5/b42,"Conte Mario Guidi at the Palazzo Pitti in Florence, Italy.png"
5/b43,Clodius Albinus.png
5/b44,Coquelin Junior in Mascarille.png
5/b45,Ceremonial portrait mask.png
5/b46,Charles James Fox.png
5/b47,Cleopatra VII.png
5/b48,Cordelia.png
5/b49,"Coriolan Brediceanu in Lugoj, Romania.png"
5/b50,"Charles Carpeaux at The Kimbell Art Museum, USA.png"
5/b51,"Clélia at The Palais des Beaux-Arts in Lille, France.png"
5/b52,"Cesare Beccaria at The Borghese Garden, Italy.png"
5/b53,Conductor Willem Mengelberg at The National Museum of Ukraine.png
5/b54,Colossal statue of Constantine: head.png
5/b55,"Cleopatra in Warandepark, Brussels.png"
5/b56,Christoph Willibald Gluck.png
5/b57,Chief Bokani.png
5/b58,Commodus.png
5/b59,Claudius.png
5/s0,Colossal statue of Helios.png
5/s1,"Ceres at The Botanical Gardens, Cluj.png"
5/s2,Colossus.png
5/s3,Christ from 1147.png
5/s4,Christ Docente (The teacher).png
5/s5,Christ child.png
5/s6,"Citizen with a cane in Alba Iulia, Romania.png"
5/s7,Christ Presented to the People.png
5/s8,Companion of Diana.png
5/s9,Christ Before the People.png
5/s10,Chariot.png
5/s11,Cephalophoric Bishop.png
5/s12,Coral birth.png
5/s13,"Charles Martel at the Palace of Versailles, France.png"
5/s14,"Chactas Meditating on Atalas Tomb at The Musée des Beaux-Arts, Lyon.png"
5/s15,Christ Scourged.png
5/s16,Colossal statue of Antinous.png
5/s17,"Colossal Mausollos at The British Museum, London.png"
5/s18,"Clemence Isaure at the Jardin du Luxembourg, Paris.png"
5/s19,Christ Crowned with Thorns.png
5/s20,"Christopher Columbus as a Youth at The State Hermitage Museum, St Petersburg.png"
5/s21,"Closca (Revolt statuary group) in Cluj, Romania.png"
5/s22,Corpus Christi.png
5/s23,Christ at the Column.png
5/s24,Christ rising from the tomb.png
5/s25,"Colossal Red Granite Statue of Amenhotep at The British Museum, London.png"
5/s26,Christopher Bushell.png
5/s27,Collective Farm Woman.png
5/s28,"Charity (?) at The Musée des Beaux-Arts, Lyon.png"
5/s29,Charlie Chaplin.png
5/s30,Christ in a Dungeon.png
5/s31,Clio.png
5/s32,"Child at The State Hermitage Museum, St Petersburg.png"
5/s33,Christ in Distress.png
5/s34,"Christopher Columbus at Belgrave Square, London.png"
5/s35,"Charles II, Soho Square, London.png"
5/s36,Christ the Redeemer.png
5/s37,"Chloé at The Musée des Beaux-Arts, Lyon.png"
5/s38,"Christ the Redeemer in Rio de Janeiro, Brazil.png"
5/s39,"Cincinnatus at the Palace of Beaux-Arts in Lille, France.png"
5/s40,Christophoros.png
5/s41,Chinese monk.png
5/s42,Ceres.png
5/s43,"Child With Goose at the Institut für Klassische Archäologie, Vienna.png"
5/s44,"Charon, the boatman of Hades at the Louvre, Paris, France.png"
5/s45,Clementia.png
5/s46,"Christian martyr, ""Not of this world"".png"
6/b0,Daniel Chodowiecki.png
6/b1,Death Mask of Dante Alighieri.png
6/b2,Death Mask of William Burke.png
6/b3,Daniel OConnell.png
6/b4,Dionysus-Plato.png
6/b5,Dionysian character.png
6/b6,Diphilus.png
6/b7,Deidre.png
6/b8,"Dante at the Palais des Beaux-Arts de Lille, Paris.png"
6/b9,Countess of Bendern.png
6/b10,Cristiano Ronaldo.png
6/b11,Dionysos.png
6/b12,Countess Maria Mazzoleni.png
6/b13,Dervish Himan Ibrahim Mehmet Naxhi Bust.png
6/b14,"Cosimo III de Medici (1642-1723), Grand Duke of Tuscany.png"
6/b15,Democritus.png
6/b16,Dadabhai Naoroji.png
6/b17,"Demosthenes at The State Hermitage Museum, St Petersburg.png"
6/b18,Cosimo I.png
6/b19,Countess Arline Meade Labia.png
6/b20,Demosthenes.png
6/b21,"Demosthenes at The British Museum, London.png"
6/b22,"Daniele Manin at The Borghese Garden, Italy.png"
6/b23,Day and Night or Adolescence (Le Jour et la Nuit ou Adolescence).png
6/b24,Diana.png
6/b25,Cypriot Limestone Head.png
6/b26,Cuirass Bust of Caligula.png
6/b27,"Diotisalvi Neroni at The Louvre, Paris.png"
6/b28,Diana of Nemi.png
6/b29,Crowned Male Head.png
6/b30,Demon.png
6/b31,Diane.png
6/b32,Dimitrios Bernardakis.png
6/b33,"Deliu Petroiu in Timisoara, Romania.png"
6/b34,David Octavius Hill.png
6/s0,Dancing Girl.png
6/s1,David.png
6/s2,"Dancing Dakini at The Guimet Museum, Paris.png"
6/s3,"Diogenes of Sinope at The Palace of Versailles, France.png"
6/s4,Dancing Woman.png
6/s5,Creugas (Boxer) after Antonio Canova.png
6/s6,Dave Lee.png
6/s7,Daphnis.png
6/s8,"David Lloyd George memorial in Parliament Square, London.png"
6/s9,David-Apollo.png
6/s10,"Crisan (Revolt statuary group) in Cluj, Romania.png"
6/s11,Dancer Figurine.png
6/s12,David with the head of Goliath.png
6/s13,De Kardinaal (The Cardinal).png
6/s14,"Dido at The Louvre, Paris.png"
6/s15,Cyprida (Aphrodite).png
6/s16,Discobolus (The Discus Thrower).png
6/s17,"Crouching Woman at La Musée Rodin, France.png"
6/s18,"Crouching Boy at The State Hermitage Museum, St Petersburg.png"
6/s19,"Diana at The State Hermitage Museum, St Petersburg.png"
6/s20,Deacon Saint.png
6/s21,"David at The State Russian Museum, St Petersburg.png"
6/s22,"Diana at the Louvre, Paris, France.png"
6/s23,"Crouching Aphrodite at The Louvre, Lens.png"
6/s24,"Dairy-Woman with a Broken Jar at The State Russian Museum, St Petersburg.png"
6/s25,"Dionysus at The State Hermitage Museum, St Petersburg.png"
6/s26,Cristo de la Paz.png
6/s27,Democritus Meditating on the Seat of the Soul.png
6/s28,"Diana (Artemis) of The Rospigliosi type at The Louvre, Paris.png"
6/s29,"Cupid Disguised as a Shepherd Boy at The Walker Art Gallery, United Kingdom.png"
6/s30,"Cupid (LAmour) at The Louvre, Paris.png"
6/s31,Deposition of the Virgin Mary Durres.png
6/s32,"Cupid at The State Hermitage Museum, St Petersburg.png"
6/s33,"Dionysus or Apollo at The Boboli Gardens, Italy.png"
6/s34,Dionysus.png
6/s35,"Dionysos at The British Museum, London.png"
6/s36,Diana and a Doe.png
6/s37,"Cupid at The British Museum, London.png"
6/s38,"Diana sculpture at Kensington Gardens, London, UK.png"
6/s39,"Diana of Versailles at the Jardin des Tuileries, Paris.png"
6/s40,"Diana and Doe at The Jardin des Tuileries, Paris.png"
6/s41,Devi.png
6/s42,"Dicré at the Louvre, Paris, France.png"
6/s43,"Dido at The Palace of Versailles, France.png"
6/s44,Damoxenos.png
6/s45,Cupid with an Arrow.png
6/s46,De onsterfelijkheid.png
6/s47,David - Apollo.png
6/s48,"Decebalus Equestrian Statue in Deva, Romania.png"
6/s49,Cupid.png
6/s50,Dancing satyr from a so-called group “Invitation to the dance”.png
6/s51,"Dancing Satyr at The State Hermitage Museum, St Petersburg.png"
6/s52,"Dancer ready to dance, right foot forward.png"
6/s53,Cupid Triumphant Examining his Arrow.png
6/s54,Discobolo at Rest.png
6/s55,Defence and Labour.png
6/s56,"Delaunay at The Musée Carnavalet, Paris.png"
6/s57,Diana (Diane).png
6/s58,"Crouching Girl at Zayachy Island, St Petersburg.png"
6/s59,Diana the huntress.png
6/s60,"Cypress at The State Hermitage Museum, St Petersburg.png"
6/s61,"Discophorus at The British Museum, London.png"
6/s62,Creugas.png
6/s63,Der-senedj.png
6/s64,Diomedes.png
6/s65,Cupid Cutting His Bow from the Club of Hercules.png
6/s66,"Cupid cutting his bow from the club of Hercules at the Louvre, Paris.png"
6/s67,"Désiré-Joseph Mercier in Brussels, Belgium.png"
6/s68,Diane.png
6/s69,Dancer.png
6/s70,Danaide Filling a Bowl.png
6/s71,Crucifix.png
7/b0,"Dominique de Vic at The Louvre, Paris.png"
7/b1,"Elderly Woman at The Metropolitan Museum of Art, New York.png"
7/b2,Emperor Vespasian.png
7/b3,Domitia.png
7/b4,Empress Faustina the Elder.png
7/b5,Emperor Trajan.png
7/b6,Ernst Curtius.png
7/b7,Elizabeth Farren.png
7/b8,"Emperor Wearing the Corona Civica at The Metropolitan Museum of Art, New York.png"
7/b9,"Eduard Pamfil in Timisoara, Romania.png"
7/b10,Dr Caldwell American Marked Bust.png
7/b11,Disembodied Broken Head.png
7/b12,Ephebos Head.png
7/b13,Emperor Septimius Severus.png
7/b14,Empress Livia.png
7/b15,Egyptian.png
7/b16,Ernest Bevin in London.png
7/b17,Emperor Tiberius.png
7/b18,Donald Dewar.png
7/b19,Eros (a fragment of the statue).png
7/b20,"Domenico Cimarosa at The Borghese Garden, Italy.png"
7/b21,Egyptian-style worshipper.png
7/b22,Egyptian Male Worshipper.png
7/b23,Empress Plotina.png
7/b24,Egyptian Worshipper with Turban.png
7/b25,Einstein.png
7/b26,Dolore I.png
7/b27,Emperor Constantius Chlorus.png
7/b28,Drusus the Young.png
7/b29,Drusus the Elder.png
7/b30,"Elena Ghiba-Birta in Arad, Romania.png"
7/b31,Egyptian Plaster Bust.png
7/b32,"Dositej Obradovic in Timisoara, Romania.png"
7/b33,"Dr Robert Knox, death cast.png"
7/b34,Eduard Gerhard.png
7/b35,Epicurus.png
7/b36,"Elena dOrleans, Duchess of Aosta.png"
7/b37,Domitia Longina.png
7/b38,"Emperor Nero in Warandepark, Brussels.png"
7/b39,Emperor Arcadius.png
7/b40,Domitian.png
7/b41,Emperor Augustus.png
7/b42,Eckard.png
7/b43,Emperor Godrian III.png
7/b44,Dr John Rae.png
7/b45,Emperor from Late Antiquity.png
7/b46,Dr Andrew Combe.png
7/b47,Egyptian funerary mask.png
7/b48,"Epikouros at the British Museum, London, UK.png"
7/b49,Dr Ibrahim Temo bust.png
7/b50,Eritrean Sibyl.png
7/b51,"Ennio Quirino Visconti at The Borghese Garden, Italy.png"
7/b52,"Emperor Hadrian at The British Museum, London.png"
7/b53,"Emanuil Goidu bust in Astra Park, Sibiu.png"
7/b54,"Emperor Gaius at The Metropolitan Museum of Art, New York.png"
7/b55,Domitianus.png
7/b56,"Emperor Caracalla at The Metropolitan Museum of Art, New York.png"
7/b57,Egyptian limestone male head.png
7/b58,"Empress Josephine at The Réunion des Musées Nationaux, Paris.png"
7/b59,"Emperor Lucius Verus at Royal Ontario Museum, Canada.png"
7/b60,Drusilla.png
7/b61,"Domitien at The Louvre, Paris.png"
7/b62,"Edgar Allan Poe at The Baltimore Museum of Art, Maryland.png"
7/b63,Duc de Tarente.png
7/b64,"Eftimie Murgu in Faget, Romania.png"
7/b65,Disease mask.png
7/b66,"Elisabeth of Saxony, Duchess of Genoa.png"
7/s0,Egyptian Statuette 3.png
7/s1,Dwarf.png
7/s2,Eros Drawing His Bow.png
7/s3,Discophorus.png
7/s4,"Esmeralda in Douai, France.png"
7/s5,Eirene Bearing the Infant Ploutos (Peace and Wealth).png
7/s6,"Divine Feminie IV at the Guimet museum, Paris.png"
7/s7,Ein heiliger Bischof (A Bishop Saint).png
7/s8,"Dying Gladiator at The Louvre, Paris.png"
7/s9,"Discus Thrower at The Fine Arts Museum of Brussels, Belgium.png"
7/s10,Equilibrium.png
7/s11,Doryphoros at the Minneapolis Institute of Art.png
7/s12,Epitaph of the Goldsmith Sigismund Waloch.png
7/s13,"Emotion at The Musée des Beaux-Arts, Lyon.png"
7/s14,Ecce Homo.png
7/s15,Ecstasy.png
7/s16,Dreaming.png
7/s17,Enthroned Virgin.png
7/s18,"Eros Borghese at The Louvre, Paris.png"
7/s19,Draped woman.png
7/s20,Enthroned Madonna.png
7/s21,Empress.png
7/s22,Egyptian Sculpture.png
7/s23,Dying Warrior- Temple of Aphaia.png
7/s24,"Drapery at The British Museum, London.png"
7/s25,"Eftimie Murgu in Lugoj, Romania.png"
7/s26,Endomorph (2) - Erna Engel-Baiersdorf.png
7/s27,Dresdner boy.png
7/s28,Domitia as Demeter.png
7/s29,"Emperor Titus at The Louvre, Paris.png"
7/s30,Donatellos David With the Head of Goliath.png
7/s31,Eirene and Ploutos.png
7/s32,Doryphoros Herma.png
7/s33,"Erzsébet Királyné in Szeged, Hungary.png"
7/s34,Eternal life (Evig liv).png
7/s35,Ephebe Narcissus.png
7/s36,Enthroned Deity.png
7/s37,Egyptian statue of a Pharaoh.png
7/s38,Endomorph - Erna Engel-Baiersdorf.png
7/s39,"Draped Muse at The Réunion des Musées Nationaux, Paris.png"
7/s40,Egyptian Figure of The Scribe Nekht-Ankh.png
7/s41,"Dvarapala (Door Guardian) at The Guimet Museum, Paris.png"
7/s42,Emile Claus.png
7/s43,"Elisabeth in Brussels, Belgium.png"
7/s44,"Efebo at The Museo Acheologico Nazionale, Florence.png"
7/s45,"Dying Niobid at The Royal Cast Collection, Copenhagen.png"
7/s46,Dying Niobid.png
7/s47,Doryphoros (The Spear Bearer).png
7/s48,"Egyptian Standing Male Figure at The British Museum, London.png"
8/b0,Euripides.png
8/b1,Europe.png
8/b2,Eustache Belin.png
8/b3,Eve Fairfax.png
8/b4,Falconio.png
8/b5,Fantasy Bust of a Veiled Woman (Marguerite Bellanger?).png
8/b6,Farnese Caesar.png
8/b7,Faun of Vienne.png
8/b8,"Fea Carlo at The Borghese Garden, Italy.png"
8/b9,Felicia Dorothea Hemans.png
8/b10,"Feliciano Scarpellini at The Borghese Gardens, Rome.png"
8/b11,Female (?) head.png
8/b12,Female Bust (probably Antonia Minor).png
8/b13,Female Bust.png
8/b14,"Female Deity at the Metropolitan Museum of Art, New York.png"
8/b15,Female Deity.png
8/b16,Female head (part of funerary relief).png
8/b17,"Female Head at The British Museum, London.png"
8/b18,Female Head Crowned with Laurel.png
8/b19,"Female head, modeled from the Aphrodite of Cnidus at The Louvre, Paris.png"
8/b20,Female Nude.png
8/b21,"Female of head of the Aphrodite of Knidos type at The Louvre, Paris.png"
8/b22,Female Portrait - Herma.png
8/b23,"Female Portrait at The State Hermitage Museum, St Petersburg.png"
8/b24,Female portrait head in the form of a mask.png
8/b25,Female portrait head.png
8/b26,Female portrait.png
8/b27,"Female-headed jug at The British Museum, London.png"
8/b28,"Ferdinand I of Romania in Alba Iulia, Romania.png"
8/b29,Festive Bearded Man.png
8/b30,Festive Head of David.png
8/b31,Field Marshall Colin Campbell.png
8/b32,Figurehead of the HMS Thames.png
8/b33,Figurehead possibly from HMS Adventure.png
8/b34,"Filaret Barbu in Lugoj, Romania.png"
8/b35,"Filaret Musta in Carensebes, Romania.png"
8/b36,Filippo Brunelleschi.png
8/b37,"Filippo Strozzi at The Louvre, Paris.png"
8/b38,Filippo Strozzi.png
8/b39,"Florian Porcius at The Botanical Gardens, Cluj.png"
8/b40,Fragment from the Funerary Monument of Nikarete.png
8/b41,Fragment of a mythical creature.png
8/s0,"Etruscan Woman at The Ny Carlsberg Glyptotek, Copenhagen.png"
8/s1,European Sybil.png
8/s2,Euterpe.png
8/s3,Evangelist.png
8/s4,"Eve at The Musée Rodin, Paris.png"
8/s5,Eve.png
8/s6,Exhaustion.png
8/s7,"Exotic group of Leda and the Swan at The British Museum, London.png"
8/s8,Farmer woman.png
8/s9,Farnese Hercules.png
8/s10,Faun Carrying Goat.png
8/s11,Faun from the train of Bacchus.png
8/s12,"Faustina in The Palace of Versailles, France.png"
8/s13,Faustina Minor.png
8/s14,Fearless girl.png
8/s15,"Female Figure 1 at The British Museum, London.png"
8/s16,"Female Figure at The British Museum, London.png"
8/s17,Female figurine.png
8/s18,"Female Funerary Statue at the Louvre, Paris, France.png"
8/s19,Female Funerary Statue in the so-called Aspasia Type.png
8/s20,Female portrait (Grand Duchess Elisabeth Fyodorovna).png
8/s21,"Female Saint, Probably Saint Elizabeth.png"
8/s22,"Female Statue at The State Hermitage Museum, St Petersburg.png"
8/s23,Female statue in ritual dress.png
8/s24,Female statue of Mulva.png
8/s25,Female statue wearing a chiton.png
8/s26,Female statuette.png
8/s27,"Ferdinand-Philippe at The Louvre, Lens.png"
8/s28,"Fides in The Palace of Versailles, France.png"
8/s29,Figure of a Boy.png
8/s30,Figure of a King.png
8/s31,Figure of a woman.png
8/s32,"Figure of Aphrodite at The British Museum, London.png"
8/s33,"Flayed Man at The Louvre, Paris.png"
8/s34,"Flora (Spring) at The Palace of Versailles, France.png"
8/s35,"Flora at the Louvre, Paris, France.png"
8/s36,"Flora Farnese at Jardin des Tuileries, Paris.png"
8/s37,"Flora in Brussels, Belgium.png"
8/s38,Florence Nightingale.png
8/s39,Foreign Envoy from a Tomb.png
8/s40,Fortitude.png
8/s41,Fountain statue.png
8/s42,"Fragilina at the MET, New York.png"
9/b0,"Fragment of Jesus at The Réunion des Musées Nationaux, Paris.png"
9/b1,Fragment of John the Baptist.png
9/b2,Fragment of Tomb Relief.png
9/b3,Fragmentary Egyptian gypsum figure of Isis and Horus.png
9/b4,Fragmentary funerary stele of a wreathed man.png
9/b5,Fragmentary head of Hercules (from the Lansdowne Herakles).png
9/b6,Fragmentary herm head of Hermes.png
9/b7,"Francesc Cambo at The Via Laietana, Barcelona.png"
9/b8,"Francesco Forti at the Borghese Gardens, Italy.png"
9/b9,"François Arago at The Louvre, Paris.png"
9/b10,François-Marie Arouet (Voltaire).png
9/b11,Frans Eemil Sillanpää.png
9/b12,"Frederick the First, King of Prussia.png"
9/b13,"Frédéric de La Tour du Pin at The Louvre, Paris.png"
9/b14,Friedrich Gilly.png
9/b15,Funerary Bas-relief 1: Womans bust.png
9/b16,Funerary Monument to Count Giovan Francesco Mastiani Brunacci.png
9/b17,George Washington.png
9/s0,"France The Victorious at the Jardin des Tuileries, Paris.png"
9/s1,Francois 1st in Versailles.png
9/s2,Francois Grimaldi in Monaco.png
9/s3,Franz Kafka Monument in Prague.png
9/s4,Freedom.png
9/s5,Funerary altar of Claudia Ianuaria.png
9/s6,Funerary kouros statue.png
10/b0,George Wyllie.png
10/b1,George Wyndham.png
10/b2,"Georges Méliès Bust at the Père Lachaise Cemetery, Paris.png"
10/b3,Georgy Mikhaylovich Grechko.png
10/b4,Germanicus or one of his sons.png
10/b5,Germanicus.png
10/b6,Gertrude Stein.png
10/b7,Gertrude Vanderbilt Whitney.png
10/b8,Ghazi-ud-Din Hairdar.png
10/b9,"Gheorghe Avramescu in Cluj, Romania.png"
10/b10,"Gheorghe Lazar Bust at Astra Park, Sibiu.png"
10/b11,"Gheorghe Popa in Arad, Romania.png"
10/b12,"Giandomenico Romagnosi at The Borghese Gardens, Rome.png"
10/b13,Gifts for a God.png
10/b14,"Gina Gogean bust in Deva, Romania.png"
10/b15,Giovanne Donna by Rosa.png
10/b16,Giovanni Chellini.png
10/b17,Girl praying.png
10/b18,"Giuseppe Balsamo, ""Conte di Cagliostro"".png"
10/b19,"Giuseppe Giusti at The Borghese Gardens, Rome.png"
10/b20,"Giuseppe Parini at The Borghese Garden, Italy.png"
10/b21,"Giuseppe Venturoli at The Borghese Gardens, Rome.png"
10/b22,Goddess with a Mural Crown.png
10/b23,Gordon of Khartoum.png
10/b24,Grand Duchess Maria Paulovna Vladimir of Russia.png
10/b25,Grand Duchess Maria Pavlovna the presidents wife.png
10/b26,Grand Prince of Tuscany.png
10/b27,Grandee.png
10/b28,Gravestone Depicting Bust of a Woman.png
10/b29,Gravestone Depicting Bust of Man.png
10/b30,Gravestone of a Womans Bust.png
10/b31,Gravestone of Anton Rubinstein.png
10/b32,Gravestone of Arkhip Kuindzhi.png
10/b33,Gravestone of Fyodor Dostoyevsky.png
10/b34,Gravestone of Mikhail Avilov.png
10/b35,Greek bust of a Goddess.png
10/b36,Greek marble head of a youth.png
10/b37,Greek Mythology Man.png
10/b38,Greek Philosopher.png
10/b39,"Gregorio Ugdulena at The Borghese Garden, Italy.png"
10/b40,Grey Granite Egyptian Head.png
10/b41,Grindbergs Portrait.png
10/b42,"Griselda at The Kelvingrove Museum, Glasgow.png"
10/b43,"Guillaume de Lesrat at The Louvre, Paris.png"
10/b44,"Guillaume de Lesrat, sir of Lancrau.png"
10/b45,"Guillaume Du Vair at The Louvre, Paris.png"
10/b46,Gustave Eiffel Bust.png
10/b47,Hadrian [2].png
10/b48,Hadrian.png
10/s0,"Georges Peabody, Royal Exchange, London.png"
10/s1,Georgy Konstantinovich Zhukov.png
10/s2,Ghandhara Buddha.png
10/s3,"Giotto Drawing in the Sand at The Musée des Beaux-Arts, Lyon.png"
10/s4,Girl defending the nest against the cat.png
10/s5,Girl from Crete.png
10/s6,"Girl Playing Astragaloi at The Altes Museum, Berlin.png"
10/s7,Girl playing the lute.png
10/s8,Girl playing the lyre.png
10/s9,"Girl Putting on an Earring at The State Hermitage Museum, St Petersburg.png"
10/s10,Girl tying her scarf.png
10/s11,Girl with a Fish.png
10/s12,"Girl with a mirror at The State Russian Museum, St Petersburg.png"
10/s13,Girl with Absintem.png
10/s14,Girl with bird.png
10/s15,Girl with Bunny.png
10/s16,Girl with Oar.png
10/s17,"Giuliano de Medici, Duke of Nemours.png"
10/s18,Giustiniani Minerva.png
10/s19,"Gladiator in Warsaw, Poland.png"
10/s20,Gladiator.png
10/s21,Glass.png
10/s22,Glory.png
10/s23,Goddess from Morgantina.png
10/s24,"Golders Hill Girl in London, UK.png"
10/s25,Gothic Lombard.png
10/s26,Grace.png
10/s27,Grave stone of Valentin Petrovich Glushko.png
10/s28,Gravestone Depicting a Woman Holding a Cross.png
10/s29,Gravestone Depicting a Woman.png
10/s30,Gravestone Depicting a Young Woman.png
10/s31,Gravestone Depicting Angel Holding the Cross.png
10/s32,Gravestone Depicting Man Tied Down.png
10/s33,Gravestone of Nikolay Cherkasov.png
10/s34,Gravestone of Petr Mihaylovich Medvdev.png
10/s35,Gravestone of St George Mikhailovich.png
10/s36,"Great Lady of Calata in Cluj, Romania.png"
10/s37,Great Lady Offerant.png
10/s38,Greek Politician copy of Roman Sculpture.png
10/s39,Greek Slave.png
10/s40,Greek Woman.png
10/s41,"Grief at the Jardin des Tuileries, Paris.png"
10/s42,Grote Zittende.png
10/s43,Group of Bacco.png
10/s44,Group of Polyphemus and a Greek.png
10/s45,Group of the boy with a goose.png
11/b0,"Haile Selassie in Wimbledon, London, UK.png"
11/b1,Hannibal.png
11/b2,Haremhab as a Scribe of the King.png
11/b3,"Head and part of the chest of a female statue, possibly an acrolith*.png"
11/b4,"Head and upper part of a woman wearing sakkos (bag-like headdress) and himation (mantle) at The British Museum, London.png"
11/b5,Head attributed to Antonia Minor.png
11/b6,Head from a male statue.png
11/b7,Head from a marble statue of Vespasian.png
11/b8,Head from a statue of an Amazon.png
11/b9,Head from a Statue with Magical Texts.png
11/b10,"Head from statue of old man, possibly Mentuemhat.png"
11/b11,Head from the Athena Hope-Farnese.png
11/b12,Head from The Barberini Hera.png
11/b13,Head from the figurehead of a Spanish prison Hulk.png
11/b14,"Head of a 19th Dynasty Pharaoh at The British Museum, London.png"
11/b15,Head of a baby.png
11/b16,"Head of a Barbarian at The State Hermitage Museum, St Petersburg.png"
11/b17,Head of a Barbarian.png
11/b18,Head of a Bearded Deity.png
11/b19,Head of a bearded god.png
11/b20,Head of a Bearded Man from a Grave or Votive Statue.png
11/b21,Head of a Bearded Man with Headgear.png
11/b22,Head of a Bearded Old Man.png
11/b23,"Head of a Bodhisattva at The Guimet Museum, Paris.png"
11/b24,Head of a Boxer.png
11/b25,Head of a boy.png
11/b26,"Head of a Buddha at The Guimet Museum, Paris.png"
11/b27,Head of a Caryatid.png
11/b28,Head of a Centaur.png
11/b29,Head of a child.png
11/b30,Head of a Christ.png
11/b31,"Head of a Colossal Statue of a Woman Wearing a Sako at The British Museum, London.png"
11/b32,Head of a colossal statue of Zeus-Ammon.png
11/b33,"Head of a Combatant (or ""Head of Hercules"".png"
11/b34,Head of a cult statue of Isis.png
11/b35,Head of a Cupid.png
11/b36,"Head of a Dacian 1 at The State Hermitage Museum, St Petersburg.png"
11/b37,"Head of a Dacian at The State Hermitage Museum, St Petersburg.png"
11/b38,Head of a Divinity (Zeus or Aesculapius).png
11/b39,Head of a Fair Haired Boy.png
11/b40,Head of a Faun.png
11/b41,Head of a female votary.png
11/b42,Head of a female.png
11/b43,"Head of a Feminine Figurine at The Louvre, Paris.png"
11/b44,Head of a figure of an athlete (?) (so-called Narkissos).png
11/b45,Head of a flat-faced young man.png
11/b46,Head of a foreigner.png
11/b47,Head of a Gaul.png
11/b48,"Head of a Goddess 1 at The British Museum, London.png"
11/b49,"Head of a Goddess at The State Hermitage Museum, St Petersburg.png"
11/b50,Head of a goddess.png
11/b51,"Head of a Greek God, probably Zeus at The Metropolitan Museum of Art, New York.png"
11/b52,"Head of a Grek General at The Metropolitan Museum of Art, New York.png"
11/b53,Head of a Hellenistic King.png
11/b54,"Head of a Helmeted Athena at The Louvre, Paris.png"
11/b55,Head of a herm.png
11/b56,Head of a King from the Ptolemaic period.png
11/b57,Head of a King.png
11/b58,Head of a kore.png
11/b59,Head of a laughing satyr.png
11/b60,Head of a Maenad.png
11/b61,"Head of a Male Shinto Deity at The Sainsbury Centre for Visual Arts, Norwich.png"
11/b62,Head of a male votary.png
11/b63,Head of a male worshipper.png
11/b64,Head of a male.png
11/b65,"Head of a Man at The Barber Institute, Birmingham.png"
11/b66,"Head of a Man at The Réunion des Musées Nationaux, Paris.png"
11/b67,"Head of a Man wearing a Wreath at The British Museum, London.png"
11/b68,Head of a Negro Man.png
11/b69,Head of a noble roman woman.png
11/b70,Head of a Peasant at The National Museum of Ukraine.png
11/b71,Head of a Pharaoh.png
11/b72,Head of a Philosopher.png
11/b73,"Head of a Priest at The Dallas Museum of Art, Texas.png"
11/b74,Head of a priestess of the goddess Vesta.png
11/b75,"Head of a Prophet at The Musée des Beaux-Arts, Lyon.png"
11/b76,"Head of a Roman Youth at The Dallas Museum of Art, Texas.png"
11/b77,Head of a Roman youth.png
11/b78,Head of a statue of king Amasis.png
11/b79,"Head of a Veiled Woman at the MET, New York.png"
11/b80,"Head of a Victorious Athlete of the Diadumenos type at The Louvre, Paris.png"
11/b81,Head of a Victors Statue in the Type of the Dresden Boy.png
11/b82,"Head of a Virgin at The Musée des Beaux-Arts, Lyon.png"
11/b83,Head of a votive statue.png
11/b84,"Head of a Woman at The Réunion des Musées Nationaux, Paris.png"
11/b85,Head of a Woman or Apollo.png
11/b86,Head of a woman whose hair is restrained by a headband: Goddess (?).png
11/b87,"Head of a Yoruba King at The London Docklands, London.png"
11/b88,Head of a Young Athlete.png
11/b89,Head of a Young God.png
11/b90,Head of a young male.png
11/b91,"Head of a Young Man at The Dallas Museum of Art, Texas.png"
11/b92,Head of a young man wearing a diadem.png
11/b93,Head of a young man with idealized features.png
11/b94,Head of a young man.png
11/s0,"Harihara at the Guimet museum, Paris.png"
11/s1,Harmony.png
11/s2,Harpy (Anima).png
11/s3,"Head and Shoulders of a Sphinx of Hatshepsut at The Metropolitan Museum of Art, New York.png"
11/s4,Head and Torso from Parthenon.png
12/b0,Head of the Goddess Tyche.png
12/b1,Head of the Greek God Hades.png
12/b2,Head of the Ludovisi Hermes.png
12/b3,Head of the Mother of God.png
12/b4,Head of the Prophet Jeremiah.png
12/b5,"Head of The Rampin Rider at The Réunion des Musées Nationaux, Paris.png"
12/b6,"Head of The Varvakeion Athena at The Réunion des Musées Nationaux, Paris.png"
12/b7,"Head of the Virgin at The Musée des Beaux-Arts, Lyon.png"
12/b8,Head of Thucydides.png
12/b9,"Head of Venus at The Réunion des Musées Nationaux, Paris.png"
12/b10,Head of Venus.png
12/b11,Head of Victory.png
12/b12,Head of wreathed bearded man.png
12/b13,Head of wreathed votary.png
12/b14,Head of wreathed youth.png
12/b15,Head of youth.png
12/b16,"Head of Zeus at The Réunion des Musées Nationaux, Paris.png"
12/b17,Head of Zeus or Asclepius.png
12/b18,Head of Zeus.png
12/b19,Head on an Athlete.png
12/b20,"Head Sculpture at The National Maritime, London.png"
12/b21,Head with Double-braid Hairstyle.png
12/b22,Head with polos.png
12/b23,Head.png
12/b24,Headpot.png
12/b25,"Helen of Troy at The State Hermitage Museum, St Petersburg.png"
12/b26,Helen of Troy.png
12/b27,Helios.png
12/b28,"Hellenistic Male Head 1 at The British Museum, London.png"
12/b29,"Hellenistic Male Head 2 at The British Museum, London.png"
12/b30,"Hellenistic Male Head 3 at The British Museum, London.png"
12/b31,Henri Francois Brandt.png
12/b32,Henrik Hielmstierne.png
12/b33,"Henry George Lidell at The National Portrait Gallery, London.png"
12/b34,"Henry Grattan at The Scottish National Gallery, Scotland.png"
12/b35,Henry Howard Bust.png
12/b36,"Henry The Navigator at Belgrave Square, London.png"
12/b37,Henry Wadsworth Longfellow.png
12/b38,Heraclitus.png
12/b39,Herakles as Pugilist.png
12/b40,"Hercules at The Metropolitan Museum of Art, New York.png"
12/b41,Herm bust of an old man.png
12/b42,Herm of a bearded divinity.png
12/b43,Herm of a Bearded God: Hermes.png
12/b44,Herm of a Charioteer.png
12/b45,Herm of a youth.png
12/b46,Herm of Anacreon.png
12/b47,Herm of Marie Louise.png
12/b48,Herm of Pericles.png
12/b49,Herm of Wisdom.png
12/b50,Herma of a Poet.png
12/b51,Herma.png
12/b52,Herman Bang.png
12/b53,Hermes from a hermaic stele.png
12/b54,Hermes from a hermit stele.png
12/b55,"Herta at The British Museum, London.png"
12/b56,Hestia.png
12/b57,High Clerk in the Cult of Serapis.png
12/b58,Hippocrates.png
12/b59,Hippolytus.png
12/b60,"Homer at The British Museum, London.png"
12/b61,Horace Vernet.png
12/b62,Hospitality.png
12/b63,"Ideal Head of a Woman at The Kimbell Art Museum, Fort Worth, America.png"
12/b64,"Idealised god or athlete at The British Museum, London.png"
12/b65,Idealised Head of a Woman.png
12/b66,"Iiosif Olariu in Caransebes, Romania.png"
12/b67,Immanuel Kant.png
12/b68,"In Pensive Hours at MUSEON, Moscow.png"
12/b69,Infelice.png
12/s0,"Healer Buddha at the British Museum, London.png"
12/s1,Hebe.png
12/s2,Henri Alexis Brialmont.png
12/s3,Henry IV of France as a Child.png
12/s4,Hephaestion.png
12/s5,Hercules (Heracles) and Hydra.png
12/s6,Hercules (Heracles) holding a club.png
12/s7,"Hercules as a Boy at The State Hermitage Museum, St Petersburg.png"
12/s8,"Hercules at The Palace of Versailles, France.png"
12/s9,"Hercules in Brussels, Belgium.png"
12/s10,Hercules Slays the Lernean Hydra.png
12/s11,Hercules the Archer.png
12/s12,"Hercules with Serpent at The Palace of Versailles, France.png"
12/s13,Hercules.png
12/s14,Herm of Bearded Hercules.png
12/s15,Hermaphroditus.png
12/s16,Hermes (Belvedere Antinous).png
12/s17,"Hermes (Mercury) at the Louvre museum, Paris.png"
12/s18,Hermes and the Infant Dionysos.png
12/s19,"Hermes fastening his sandal at the Institut für Klassische Archäologie, Vienna.png"
12/s20,Hermes Ludovisi.png
12/s21,"Hermes of the Museo Pio-Clementino in The Palace of Versailles, France.png"
12/s22,Hermes with sandals.png
12/s23,Highland Mary.png
12/s24,"Homo Bulla II at The Saatchi Gallery, London.png"
12/s25,"Homo Heidelbergensis model at The Lincoln Collection, United Kingdom.png"
12/s26,Honorific Statue of a Woman.png
12/s27,Horatius Cocles.png
12/s28,"Horia (Revolt statuary group) in Cluj, Romania.png"
12/s29,"Hygea at The State Hermitage Museum, St Petersburg.png"
12/s30,Hygieia.png
12/s31,"Hymen (Himeneo) at The State Russian Museum, St Petersburg.png"
12/s32,"Icarus at The British Museum, London.png"
12/s33,Icarus.png
12/s34,Il Fato.png
12/s35,Ile de France.png
12/s36,"Immortality at The Louvre, Paris.png"
12/s37,Indian God Sculpture.png
12/s38,"Injured Gaul at the Louvre museum, Paris, France.png"
13/b0,"Ioachim Miloia in Timisoara, Romania.png"
13/b1,Ioan Fatu Bust.png
13/b2,"Ioan Nistor in Alba Iulia, Romania.png"
13/b3,"Ioan Popasu in Caransebes, Romania.png"
13/b4,"Ioan Slavici in Astra Park, Sibiu.png"
13/s0,Inscribed funerary stele.png
13/s1,"Inspiration in Valenciennes, France.png"
13/s2,"Ioan Dragalina in Caransebes, Romania.png"
14/b0,Letizia Ramolino Bonaparte.png
14/b1,Laplander Death Mask.png
14/b2,Lady of Elche.png
14/b3,"Liszt at The Réunion des Musées Nationaux, Paris.png"
14/b4,Little Girl from the Von Guillaume Family.png
14/b5,Lady with Curly Toupee.png
14/b6,Lucius Verus.png
14/b7,Leonardo Fibonacci.png
14/b8,Little Girl.png
14/b9,"Leif Erikson Bust at the Leif Erikson Hall, Seattle.png"
14/b10,Lorenzo di Medici.png
14/b11,Lady Catherine Stepney.png
14/b12,Lady Belhaven and Stenton.png
14/b13,Little Girl from the Simon Family.png
14/b14,Little Gypsy Girl.png
14/b15,"Lenin at MUZEON, Moscow.png"
14/b16,"Laurence Sterne at The National Portrait Gallery, London.png"
14/b17,Lady with Primroses.png
14/b18,Lord John Russell at The National Portrait Gallery.png
14/b19,Lakshmi.png
14/b20,Lady Lever.png
14/b21,"Lamartine at The Louvre, Paris.png"
14/b22,"Leo the Thracian at The Louvre, Paris.png"
14/b23,Lange Youth.png
14/b24,Le Chinois.png
14/b25,Leonardo da Vinci.png
14/b26,"Lavinia Agache bust in Deva, Romania.png"
14/b27,La Prudence.png
14/s0,"Large Peasant at The Petit Palais, Paris.png"
14/s1,Last Sigh of the Ship.png
14/s2,Les Vertus Theologales.png
14/s3,Lord Vithoba.png
14/s4,"Kouros at The Metropolitan Museum of Art, New York.png"
14/s5,Le Succube.png
14/s6,Little Mermaid.png
14/s7,La Margherita del Goethe.png
14/s8,Le Poeme Heroique.png
14/s9,"Le Transi de Rene de Chalon at The Musée des Monuments Francais, France.png"
14/s10,Lady Henry Somerset Memorial.png
14/s11,"Liberty Enlightening The World in the Jardin du Luxembourg, Paris.png"
14/s12,Lady of Brussels - Statue of lady standing.png
14/s13,Lenormant Athena.png
14/s14,"Laurence Olivier at Southbank, London.png"
14/s15,Leap of Faith.png
14/s16,"La Bocca Della Verita at the Jardin du Luxembourg, Paris.png"
14/s17,Little Girl from the Simon Family.png
14/s18,"Leda in Brussels, Belgium.png"
14/s19,"Laura de Noves at The Jardin du Luxembourg, Paris.png"
14/s20,"Leroux at The Musée Carnavalet, Paris.png"
14/s21,Lady of All.png
14/s22,"Leda at The Musée des Beaux-Arts, Lyon.png"
14/s23,LAnima e in Fiore (The Bloomed Soul).png
14/s24,Lady.png
14/s25,Lithuanian Partisan.png
14/s26,Kouros.png
14/s27,"Kuan-yin, Goddess of Mercy.png"
14/s28,Louis Phélipeaux de la Vrilliere.png
14/s29,"La vérité at the Palais des Beaux-Arts de Lille, Paris.png"
14/s30,"Let Us Beat Swords into Ploughshares at MUZEON, Moscow.png"
14/s31,Liden Gunver.png
14/s32,Leda (Winged woman).png
14/s33,Large Seated Woman (Sibilla).png
14/s34,"LAmitié (Friendship) at The Louvre, Paris.png"
14/s35,"LHistoire in the Jardin des Tuileries, Paris.png"
14/s36,Kuvera.png
14/s37,Kristijonas Donelaitis.png
14/s38,Le Réveil  Galatea.png
14/s39,Lady Justice.png
15/b0,Mademoiselle Fiocre.png
15/b1,Mahatma Gandhi.png
15/b2,Madame Récamier.png
15/b3,Mahadev Desai.png
15/b4,Lysias.png
15/b5,Madonna of the Apple.png
15/b6,Madame Vleughels.png
15/s0,Madonna with the Holy Child.png
15/s1,Madonna.png
15/s2,Madonna of Žinkovy.png
15/s3,Madonna of the Coffin.png
15/s4,Madonna Protectress.png
15/s5,Madonna of Prostejov.png
15/s6,Maddalena Penitente.png
15/s7,"Mahisha, the buffalo demon.png"
15/s8,Lyre Player with the Guide.png
15/s9,Madonna col Bambino.png
15/s10,Madonna Enthroned.png
15/s11,"Madeleine Marchand at the Louvre, Lens.png"
16/b0,"Mask of a Young English Woman in Brussels, Belgium.png"
16/b1,Mask of the River God Achelous (with base).png
16/b2,"Masks II at the Quai Branly museum, Paris.png"
16/b3,Matias from Arras.png
16/b4,Matidia.png
16/b5,Maur.png
16/b6,Maximilian 1..png
16/b7,"Mayor John Hermaine Smith at The Lincoln Collection, United Kingdom.png"
16/b8,"Márta Károlyi bust in Deva, Romania.png"
16/b9,Mecislas Golberg.png
16/b10,Medea.png
16/b11,Military Bust.png
16/s0,Mastodon Sculpture.png
16/s1,Maternal Affection.png
16/s2,Maternity shrine figure.png
16/s3,Maternity Vincenc.png
16/s4,"Mathilde of Flanders at The Jardin du Luxembourg, Paris.png"
16/s5,"Mattei Athena at The Louvre, Paris.png"
16/s6,"Maurice Richard at the Jacques Cartier Park in Quebec, Canada.png"
16/s7,"Medal depicting a kneeling child at The British Museum, London.png"
16/s8,Medea Sarcophagus.png
16/s9,Medici Lion.png
16/s10,Medicine.png
16/s11,Medieval knight.png
16/s12,"Meditation at The Musée des Beaux-Arts, Lyon.png"
16/s13,"Meditation at The Musée Rodin, Paris.png"
16/s14,Meditation with arms.png
16/s15,Mediterranean Sea.png
16/s16,"Medusa in Lausanne, Switzerland.png"
16/s17,"Meet Me at St Pancras Station, London.png"
16/s18,Meeting.png
16/s19,Meleager from Monte Cassino.png
16/s20,"Meleager in Brussels, Belgium.png"
16/s21,"Meleager Killing a Deer at The Louvre, Paris.png"
16/s22,Melpomene.png
16/s23,Memini aquae (Sitting elephant).png
16/s24,Millwrights.png
16/s25,"Monk and Child (Child) in Alba Iulia, Romania.png"
17/b0,Monumental bust of a warrior.png
17/b1,Mood.png
17/b2,Mourning Slave Boy.png
17/b3,Mrs Field.png
17/b4,"Mujer at Barcelona–El Prat Airport, Spain.png"
17/b5,Mummy Mask.png
17/b6,Mummy-Mask.png
17/b7,"Municipal Person, once considered an effigy of Emperor Maximin at The Louvre, Paris.png"
17/b8,Mutilated Woman.png
17/b9,"Nagaraja - Serpent King at the Guimet, Paris.png"
17/b10,Naked bust of Anatole France.png
17/b11,Nameless.png
17/s0,Monumental statue of Chalchiuhtlicue.png
17/s1,Morning.png
17/s2,Moskovsky Victory park Relief.png
17/s3,"Mother and Child at Resselpark, Vienna.png"
17/s4,Mother and Daughter.png
17/s5,Mother of God.png
17/s6,Mother.png
17/s7,"Mountain at the Jardin des Tuileries, Paris, France.png"
17/s8,Mourning Servant.png
17/s9,Munich Kouros.png
17/s10,Muse Polyhymnia.png
17/s11,Musketeers.png
17/s12,"Naiad in Sint-Niklaas, Belgium.png"
17/s13,Naked Man.png
17/s14,Naked young man (Kouros).png
17/s15,Name on Base.png
17/s16,Nammalwar.png
18/b0,Pallas (Athena) with the Parthenon.png
18/b1,Pan.png
18/b2,"Panchamukha-Shivalingam at The State Hermitage Museum, St Petersburg.png"
18/b3,"Pantelimon Halippa bust in Alba Iulia, Romania.png"
18/b4,"Paolo Mascgani at The Borghese Gardens, Rome.png"
18/b5,"Paris at The State Hermitage Museum, St Petersburg.png"
18/s0,Palia de la Orastie.png
18/s1,Pan and Daphnis.png
18/s2,"Pan and Satyr at The State Hermitage Museum, St Petersburg.png"
18/s3,"Pan and the Goat at The Royal Ontario Museum, Ontario.png"
18/s4,"Pan at The Birmingham Museums, England.png"
18/s5,"Pan at The Palace of Versailles, France.png"
18/s6,Pan comforting Psyche.png
18/s7,Pan teaching Daphnis to play the flute.png
18/s8,"Pandora at The Musée des Beaux-Arts, Lyon.png"
18/s9,"Pandora at The Palace of Versailles, France.png"
18/s10,Pandora.png
18/s11,Papposilenus.png
18/s12,"Paris at The State Russian Museum, St Petersburg.png"
18/s13,"Pálfy-Budinszky Endre in Szeged, Hungary.png"
19/b0,"Portrait of a Young Marcus Aurelius at The State Hermitage Museum, St Petersburg.png"
19/b1,Portrait of Antinous as Dionysus.png
19/b2,Portrait of a bearded man.png
19/b3,Portrait of Emperor Balbin.png
19/b4,Portrait of Faustina Minor.png
19/b5,Portrait of Pittacus.png
19/b6,"Portrait of a Young Girl at The State Hermitage Museum, St Petersburg.png"
19/b7,"Portrait of Philip The Arab at The State Hermitage Museum, St Petersburg.png"
19/b8,Portrait of an official.png
19/b9,Portrait of the Emperor Gallien.png
19/b10,"Portrait Bust of Catherine, Princess of Wurtenburg.png"
19/b11,Portrait of Konstantin Karl Zeren Junior.png
19/b12,Plato.png
19/b13,Portrait of Giovanni di Cosimo de Medici.png
19/b14,Portrait of Alessandro Vittoria.png
19/b15,Portrait of a Hellenistic Queen Arsinoe III of Egypt (?).png
19/b16,Portrait of a Strategos.png
19/b17,Portrait of an unknown man.png
19/b18,Portrait head of the poet Menander.png
19/b19,"Portrait of Fra Carlo Lodoli at The State Hermitage Museum, St Petersburg.png"
19/b20,Portrait of Grand Duke Nikolai Pavlovich.png
19/b21,Portrait Head from a Relief.png
19/b22,Portrait of Johann August von Beyer.png
19/b23,"Portrait of Emperor Caligula at the MET, New York.png"
19/b24,Portrait of Septimius Severus.png
19/b25,Poet or philosopher.png
19/b26,Portrait of the painter Jozsef Rippl-Ronai.png
19/b27,Portrait of a Priest.png
19/b28,Portrait of a Prince.png
19/b29,"Portrait of Homer, Blind type.png"
19/b30,Portrait of Lev Tolstoy.png
19/b31,Portrait of Brutus.png
19/b32,Portrait of Severus Alexander.png
19/b33,Portrait head of the empress Livia (58 BC- AD 29).png
19/b34,"Portrait of a Woman at The Kiev Museum of Western and Oriental Art, Ukraine.png"
19/b35,Portrait of Marcus Aurelius.png
19/b36,Portrait of an old man.png
19/b37,Portrait head of a youth.png
19/b38,Portrait of Livilla (?).png
19/b39,Portrait head of a mature woman.png
19/b40,Portrait bust of the philosopher Metrodoros.png
19/b41,Portrait of a bearded Roman.png
19/b42,"Portrait of a Young Caracalla at The State Hermitage Museum, St Petersburg.png"
19/b43,Portrait of Sabina.png
19/b44,Portrait bust of Polydeukion.png
19/b45,Portrait of Petras Vaivada.png
19/b46,Portrait head of the Emperor Trajan.png
19/b47,Portrait of Peggy.png
19/b48,"Portrait of a Priestess at The British Museum, London.png"
19/b49,Portrait of a young man.png
19/b50,Portrait of a Young Jew.png
19/b51,Portrait of Alexander I.png
19/b52,Portrait of Emperor Alexander III.png
19/b53,"Portrait of a Man at The Louvre, Paris.png"
19/b54,Portrait of Honoré de Balzac.png
19/b55,"Portrait of a young man at The Kiev Museum of Western and Oriental Art, Ukraine.png"
19/b56,Portrait of Aeschylus.png
19/b57,Portrait of a woman (Marchesa Ginori?).png
19/b58,Portrait of Carlo Maratti.png
19/b59,Portrait of Marcus Vispanius Agrippa.png
19/b60,Portrait of Ottavio Grimani.png
19/b61,Portrait of Sophia Stroganova.png
19/b62,"Portrait of Natalie de Laborde at The Réunion des Musées Nationaux, Paris.png"
19/b63,Portrait of Augustus.png
19/b64,Portrait of Marie Antoinette.png
19/b65,"Portrait of a Roman Man, Baltimore, USA.png"
19/b66,Portrait of an Antonine dynasty princess.png
19/b67,"Portrait of a Roman at The State Hermitage Museum, St Petersburg.png"
19/b68,Portrait head of the emperor Antoninus Pius (AD 138-161).png
19/b69,Portrait of the Emperor Antoninus Pius.png
19/b70,"Portrait of a Venetian patrician at The Louvre, Paris.png"
19/b71,Portrait of Alexander the Great.png
19/b72,Portrait of George Norbertovich Gabrichevsky.png
19/b73,Portait of Epicurus.png
19/b74,Portrait of Henrietta Louisa.png
19/b75,Portrait of Agrippa Postumus.png
19/b76,Portrait head of man wearing a wreath.png
19/b77,Pope Benedict XIV Lambertini.png
19/b78,"Portrait Head of a Man at The Dallas Museum of Art, Texas.png"
19/b79,Portrait of Sverdlov.png
19/b80,Portrait bust of a young man.png
19/b81,Portrait of Faustina Major.png
19/b82,Portrait of Alexander the Great in the Erbach Type.png
19/b83,Portrait of Count Raimondo de Montecuccoli.png
19/b84,Portrait bust of the Emperor Gallienus.png
19/b85,Portrait of Ferdinand II of Aragon.png
19/b86,Portrait of a young boy.png
19/b87,"Portrait of Julius Caesar at The State Hermitage Museum, St Petersburg.png"
19/b88,Portrait of Boris Zaitsev.png
19/b89,"Portrait of Matidia Minor at The Metropolitan Museum of Art, New York.png"
19/b90,Portrait of Lucius Verus.png
19/b91,Portrait of Sergey Ivanov.png
19/b92,Portrait of Count Della Luna.png
19/b93,Portrait of Pietro Mellini.png
19/b94,Portrait of Gordian III.png
19/b95,Portrait of Marietta Strozzi.png
19/b96,Portrait of a Roman youth (prince?).png
19/b97,Portrait of King Matthias Corvinus.png
19/b98,Portrait bust of an old man.png
19/b99,Portrait of a pristess of Athena.png
19/b100,Portrait of Einstein.png
19/b101,Portrait of Lucilla.png
19/b102,Portrait of Mikhail Frunze.png
19/b103,Portrait of an Old Woman.png
19/b104,"Portrait Head, Male.png"
19/b105,"Portrait of the Duke of Sully at The State Hermitage Museum, St Petersburg.png"
19/b106,"Portrait of a Man at The Fine Arts Museum in Ghent, Belgium.png"
19/b107,Portrait of Emilio Jessi.png
19/b108,Portrait of Count Piotr Chernyshev.png
19/b109,"Portrait of a Boy at The State Hermitage Museum, St Petersburg.png"
19/b110,Portrait of Germanicus.png
19/b111,Portrait of a Prince (?).png
19/b112,Portrait of a stoic philosopher.png
19/b113,Portrait of Piero de Medici.png
19/b114,Portrait of a Political Personality.png
19/b115,Portrait of an Elderly Man.png
19/b116,Portrait of a priest of Isis.png
19/b117,Portrait bust of Aurelia Euposia.png
19/b118,Pluto and Proserpina.png
19/b119,"Portrait of the Emperor Tiberius at The State Hermitage Museum, St Petersburg.png"
19/b120,Portrait of Ignas Slapelis.png
19/b121,Portrait of Antonia Minor.png
19/b122,Portrait of a deceased man with sacrificial bowl.png
19/b123,Portrait bust of a young Syrian (?).png
19/b124,"Portrait of Septimius Severus at The State Hermitage Museum, St Petersburg.png"
19/b125,Portrait head of Traian (?).png
19/b126,Portrait of an Emperor.png
19/b127,Portrait of Fidel Castro.png
19/b128,Portrait of an unknown Isiac Priest (?) head.png
19/b129,Portrait of Artist Petr Buchkin.png
19/b130,Portrait of a lady.png
19/b131,"Portrait of Brezhnev at MUSEON, Moscow.png"
19/b132,"Portrait of an Imperial Civil Servant at The Cinquantenaire Museum, Brussels.png"
19/b133,Portrait of Claudia Ottavia.png
19/b134,Portrait of the Artists Wife Milada.png
19/b135,Portrait of Mary Tighe.png
19/b136,Portrait of a young woman.png
19/b137,Portrait of Lada.png
19/b138,Portrait of a Germanic master.png
19/b139,Portrait of Grand Duke Konstantin Pavlovich.png
19/b140,Portrait of a Hellenistic Ruler.png
19/b141,Portrait of Michelangelo.png
19/b142,Portrait of Otacilia Severa.png
19/s0,Portrait of a standing woman.png
19/s1,Portrait of a Mourner.png
19/s2,Portrait of a high ranking figure.png
19/s3,Pomonna.png
19/s4,Pomona.png
19/s5,Portrait herm.png
19/s6,Portrait of Putin.png
19/s7,Pope John-Paul II.png
19/s8,Pluto and Proserpina.png
19/s9,Portrait of Joshua Ward.png
20/b0,Portrait of the Sculptors Wife.png
20/b1,Portrait of Urbino.png
20/b2,Portrait of the Spring.png
20/b3,Portrait of the Principe Michele Damasceni-Peretti.png
20/b4,Portrait of young woman.png
20/b5,Portrait of Vespasian.png
20/b6,Portrait of the Sculptors Father.png
20/b7,Portrait.png
20/b8,Portrait of Tranquillina.png
20/b9,Portrait of Tsarevich Nicholas Alexandrovich.png
20/b10,Portrait of Unknown Woman.png
20/b11,Portrait of Titian.png
20/b12,Portrait of Timofei Konenkov.png
20/b13,Potapovs Portrait.png
20/b14,Portrait of Vladimir Ern.png
20/b15,Proserpine.png
20/b16,Portrait of two men.png
20/b17,Portrait of the Princess of Naples.png
20/b18,"Prajnaparamita or Tara at the Guimet museum, Paris.png"
20/b19,"Portrait statue of a boy at The State Hermitage Museum, St Petersburg.png"
20/b20,"Ptolemy 1st Soter, King of Egypt at The Louvre, Paris.png"
20/b21,Portrait of Valeria Maximilla (?).png
20/b22,Portrait of Tiberius.png
20/b23,Portrait of the Roman emperor Trajan.png
20/b24,"Prince Eugene of Savoy in Timisoara, Romania.png"
20/b25,Portrait of Vasily Perovsky.png
20/b26,Portrait of Yury Mikhaylovich Luzhkov.png
20/b27,Portrait of the Sophocles.png
20/b28,Portrait of Victor Hugo.png
20/s0,Praying statue of king Amenembet III.png
20/s1,Portrait statue of a seated Roman woman.png
20/s2,Reading Students.png
20/s3,"Psyche Abandoned at The Louvre, Paris.png"
20/s4,Prayer (La Prière).png
20/s5,Praying monk Bartholomeus.png
20/s6,Probably a statue of the allegory of Victory.png
20/s7,"Puberty in St-Niklaas, Belgium.png"
20/s8,"Psyche in a Faint at The State Hermitage Museum, St Petersburg.png"
20/s9,Praying Woman Memorial.png
20/s10,Praying boy.png
20/s11,Portrait statue of the Ruler of Gorgippia.png
20/s12,Portrait statue of a man wearing an himation and inset head.png
20/s13,Portrait with toga.png
20/s14,Praying woman.png
21/b0,Rubens.png
21/b1,River God.png
21/b2,Risto Krle bust.png
21/b3,Rembrandt.png
21/b4,"Robert Stewart at The National Portrait Gallery, London.png"
21/b5,"Reliquary Bust of a Saint at the Los Angeles County Museum of Art, USA.png"
21/b6,Roman Marble Torso or Achilles.png
21/b7,Relief with the Virgin and child.png
21/b8,Saint Apollinaris.png
21/b9,Roman Head of a Woman.png
21/b10,Robinson Jeffers.png
21/b11,"Saint Catherine at The Musée des Beaux-Arts, Lyon.png"
21/b12,Roman Emperor.png
21/b13,"Saint John the Baptist at The Louvre, Paris.png"
21/b14,Roman bust.png
21/b15,Revitskys Portrait.png
21/b16,Ritratto di Traiano (?).png
21/b17,Requilary bust of a Virgin Saint.png
21/s0,Relief with a goddess.png
21/s1,"Saints Philip, Jude, and Bartholomew.png"
21/s2,Saint George.png
21/s3,Saint Martin.png
21/s4,Relief slab from the revetment of a pedestal.png
21/s5,Roman Woman at Baths.png
21/s6,Relief: Workers.png
21/s7,Saint Anthony.png
21/s8,Saint John the Baptist.png
21/s9,Relief with a pan and a mule.png
21/s10,Saint Nicholas.png
21/s11,"Saint Ferdinand in Mexico City, Mexico.png"
21/s12,Relief with Goddess Maheshwari.png
21/s13,"Saint Anthony of Padua (Himself) in Alba Iulia, Romania.png"
21/s14,Relief of workers.png
21/s15,Relief of the Dancing Maenads.png
21/s16,Saint Matthew.png
21/s17,Relief with procession of gods.png
21/s18,Saint.png
21/s19,Relief: Scene from a Comedy.png
21/s20,River.png
21/s21,Relief with Heroes and Worshippers.png
21/s22,Relief with Medea and the Daughters of Pelias.png
21/s23,"Saint Francis at Maria Radna Monastery, Lipova.png"
21/s24,Reliefs from a Funerary Monument: Electra recognizes her brother Orestres.png
21/s25,"Saint Valerie holding her head in her hands at The Louvre, Paris.png"
21/s26,Relief with a seated woman.png
21/s27,Relief with Justice.png
21/s28,Relief with cupids riding bulls.png
21/s29,Relief with a Dedication to Aglibol and Malakbel.png
21/s30,Relief stele figuring a child.png
21/s31,Ritual mask.png
21/s32,Relief slab from a frieze.png
21/s33,"Robert Peel at Parliament Square, London.png"
21/s34,Relief: Detail of Orsanmichele Tabernacle.png
21/s35,Saint Isaacs Cathedral High Relief.png
21/s36,"Saint Augustine at the Metropolitan Museum of Art, New York.png"
21/s37,Saint Dorothy of Caeserea.png
21/s38,Relief: Farmers.png
21/s39,"Rough Rider From the Rees-Jones Collection at The Amon Carter Museum in Fort Worth, Texas.png"
21/s40,Relief stele with inscription.png
21/s41,Relief: Presentation in the Temple.png
21/s42,Renaissance.png
21/s43,Saint Catherine of Alexandra copy (2).png
21/s44,Relief on Gravestone.png
21/s45,"Saint Margaret at The Petit Palais, Paris.png"
21/s46,Rising goddess (from Parthenon).png
21/s47,Rodin at Work.png
21/s48,"Saint Anthony of Padua (Mother and Child) in Alba Iulia, Romania.png"
21/s49,"Saint Catherine at the Louvre, Paris.png"
21/s50,Relief sculpture of a chariot pulled by horses.png
21/s51,Russian man with Jar and fish.png
21/s52,"Saint Antony of Padua (Boy and Girl) in Alba Iulia, Romania.png"
21/s53,Relief with the Seat of Mercy.png
21/s54,Relief with a shepherd.png
21/s55,Saint George Fighting the Dragon.png
21/s56,Reliefs from a Funerary Monument: Antigone leads her blind father Oedipus.png
21/s57,"Saint Paul at The Palazzo Braschi, Rome.png"
21/s58,Saint Margaret of Antioch at the MET.png
22/b0,Samian Sibyl.png
22/b1,Samuel Pepys.png
22/b2,Samuel Taylor Coleridge.png
22/b3,San Lorenzo Colossal Head.png
22/b4,Sarcophagus Corner Head.png
22/b5,Sarcophagus Mask.png
22/b6,Satyr [1].png
22/b7,Satyr Figurine.png
22/b8,"Schubert at The Réunion des Musées Nationaux, Paris.png"
22/b9,Scipio Africanus.png
22/b10,"Sculpture of a Kneeling Woman at The British Museum, London.png"
22/b11,Seated Avalokiteshvara Boddhisattva (Guanyin).png
22/b12,"Seated Scribe at The British Museum, London.png"
22/b13,Seianti Hanunia Tlesnasa.png
22/b14,"Septimius Severus at The State Hermitage Museum, St Petersburg.png"
22/b15,Septimius Severus.png
22/b16,Sergej Jesenin bust.png
22/b17,"Sergey Yesenin at MUZEON, Moscow.png"
22/b18,"Sever Bocu in Timisoara, Romania.png"
22/b19,Severan portrait of a woman.png
22/b20,Shepperton Woman Reconstructed.png
22/b21,"Sickness at The Royal Academy, London.png"
22/b22,Sir George Henschel.png
22/b23,"Sir Hans Sloane at The British Museum, London.png"
22/b24,Sir Henry Havelock.png
22/b25,Sir Henry Raeburn.png
22/b26,"Sir Henry Tate in Brixton, London.png"
22/b27,"Sir James Stephen at The National Portrait Gallery, London.png"
22/b28,Sir John Ross.png
22/b29,Sir John Watson Gordon.png
22/b30,"Sir Joseph Banks at The British Museum, London.png"
22/s0,Salammbo.png
22/s1,Samson Slaying a Philistine.png
22/s2,Samson.png
22/s3,San Giovanni Nepomuceno (Saint John of Nepomuk).png
22/s4,Sant Eloi.png
22/s5,Sant Joan Evangelista.png
22/s6,Santa Generation.png
22/s7,Sapho (Sappho).png
22/s8,"Satyr and a Young Faun in Brussels, Belgium.png"
22/s9,Satyr and Nymph.png
22/s10,"Satyr Seated on a Rock at The State Hermitage Museum, St Petersburg.png"
22/s11,"Scallop Fisherman at The Petit Palais, Paris.png"
22/s12,"Scent bottle depicting a woman holding a dove at The British Museum, London.png"
22/s13,Scribe of the King.png
22/s14,Sculpture group.png
22/s15,Sculpture of a  woman (the goddess Nike (Victoria)).png
22/s16,Sculpture of a Draped Woman with Flowers.png
22/s17,"Sculpture of a Roman Soldier, the so-called Tivoli General.png"
22/s18,Sculpture of either Castor of Pollux.png
22/s19,"Sculpture of Raphael (?) at The Borghese Gardens, Rome.png"
22/s20,"Sculpture of Saint Nicolas in Sint-Niklaas, Belgium.png"
22/s21,Sculpture of Woman Representing a Muse.png
22/s22,Sea God.png
22/s23,"Seated Cupid at The Réunion des Musées Nationaux, Paris.png"
22/s24,Seated figue of the steward Nemti-hotep.png
22/s25,"Seated Figure of a Bodhisattva at the Sainsbury Centre for Visual Arts, Norwich.png"
22/s26,Seated figure of Maya.png
22/s27,Seated figure of Methen.png
22/s28,"Seated Figure on a Throne at The British Museum, London.png"
22/s29,Seated girl.png
22/s30,"Seated pottery figure at The British Museum, London.png"
22/s31,Seated statue of Mentuemhat.png
22/s32,Seated Woman (Waking).png
22/s33,Seated woman with a garland.png
22/s34,Sedes Sapientiae.png
22/s35,"Septimius Severus at The Lapidarium, Alba Iulia.png"
22/s36,"Serapis at The State Hermitage Museum, St Petersburg.png"
22/s37,"Serapis Figure (Right) at The Fitzwilliam Museum, Cambridge.png"
22/s38,Sergei Diaghilev.png
22/s39,Sergei Pavlovich Korolev.png
22/s40,Serpent Tamer.png
22/s41,Shepherd.png
22/s42,"Shot Putter, Sergey Smirnov (?).png"
22/s43,Showing a Turn.png
22/s44,Sidney Herbert.png
22/s45,Sir John Franklin.png
22/s46,Sir Samuel Bignold.png
23/b0,"Sir Walter Scott at The Scottish National Gallery, Scotland.png"
23/b1,Sir Walter Scott.png
23/b2,Sir William Turner.png
23/b3,"Sir William Wallace at The Kelvingrove Museum, Glasgow.png"
23/b4,So-called Portrait of Corbulo.png
23/b5,Socrates (470-399 BC).png
23/b6,Socrates Bust.png
23/b7,Socrates.png
23/b8,Soldiers Head.png
23/b9,Sophocles.png
23/s0,Siren of Memphis.png
23/s1,"Sitting Bodhisattva Avalokiteshvara at The State Hermitage Museum, St Petersburg.png"
23/s2,"Sitting Tara at The State Hermitage Museum, St Petersburg.png"
23/s3,Sitting Woman.png
23/s4,"Siva II at the Guimet museum, Paris.png"
23/s5,"Siva Nataraja at the Guimet Museum, Paris.png"
23/s6,Skanda.png
23/s7,Slab from a funerary monument.png
23/s8,"Slave Girl at The Usher Gallery, Lincoln.png"
23/s9,Sleeping Endymion.png
23/s10,Sleeping Faun.png
23/s11,"Sleeping Shepherd Boy at The Walker Art Gallery, United Kingdom.png"
23/s12,Small statue of John the Evangelist.png
23/s13,Small statue.png
23/s14,Smart.png
23/s15,Soldier.png
23/s16,"Solider Bear Wojtek on Princes Street, Edinburgh.png"
23/s17,"South Asia figure at the Sainsbury Centre for Visual Arts, Norwich, UK.png"
23/s18,"Soviet Soldier in Timisoara, Romania.png"
23/s19,"Sower at The State Hermitage Museum, St Petersburg.png"
23/s20,Sower.png
23/s21,Spigolatrice.png
23/s22,Spinoza.png
23/s23,"Spring at The Birmingham Art Gallery, England.png"
23/s24,"Spring at The Musée des Beaux-Arts, Lyon.png"
23/s25,Spring.png
23/s26,St Bartholomew.png
23/s27,"St Florian in Arad, Romania.png"
24/b0,Statue of Antinous.png
24/b1,Statue of Gudea: King of Lagash.png
24/b2,Statue of Hor-sa-Tutu.png
24/b3,Statue of Idrimi.png
24/b4,Statue of Livia.png
24/b5,Statue of Mahatma Gandhi.png
24/b6,"Stone Figure of Xochipilli at The British Museum, London.png"
24/b7,Stone head of a nymph.png
24/b8,Strategos.png
24/b9,Stucco Portrait of Maya Noble.png
24/s0,"Statue of a woman, known as the ""Lady of Auxerre"".png"
24/s1,"Statue of a woman, probably Penia.png"
24/s2,Statue of a Young Girl.png
24/s3,Statue of a Young Woman Wearing a Peplos.png
24/s4,Statue of a young woman.png
24/s5,Statue of Amenemhat III.png
24/s6,Statue of Amenemint.png
24/s7,Statue of Amenhotep.png
24/s8,Statue of an armed Aphrodite.png
24/s9,Statue of an athlete.png
24/s10,Statue of an ephebe (young athlete).png
24/s11,Statue of an Offerings-bearer.png
24/s12,"Statue of an Old Woman at The Metropolitan Museum of Art, New York.png"
24/s13,Statue of an Unknown man.png
24/s14,"Statue of Antinous as Aristaeus at The Louvre, Paris.png"
24/s15,"Statue of Antoninus Pius at The State Hermitage Museum, St Petersburg.png"
24/s16,"Statue of Apollo Kitharodos (Apollo  Citharoedus), the Lyre-Player.png"
24/s17,Statue of Apollo Lykeios.png
24/s18,Statue of Apollo with his Lyre.png
24/s19,"Statue of Apollo, The Omphalos Apollo.png"
24/s20,Statue of Aristogeiton.png
24/s21,Statue of Aristogiton.png
24/s22,Statue of Artemis.png
24/s23,Statue of Athena Parthenos.png
24/s24,Statue of Athena with a snake.png
24/s25,Statue of Atropos.png
24/s26,Statue of Augustus as Jupiter.png
24/s27,Statue of bearded votary.png
24/s28,Statue of Calliope.png
24/s29,Statue of Chandikeshvara (Chandeshwara).png
24/s30,"Statue of Charles Darwin by Sir Joseph Boehm at Natural History Museum, London.png"
24/s31,Statue of Christian Krohg.png
24/s32,Statue of Deified Empress Livia.png
24/s33,Statue of Dionysos.png
24/s34,"Statue of Dionysus at The State Hermitage Museum, St Petersburg.png"
24/s35,Statue of Dionysus.png
24/s36,Statue of Diskus-bearer.png
24/s37,Statue of Emperor Trajan.png
24/s38,Statue of Eros.png
24/s39,"Statue of Figures and a Bull at the Plaça de Catalunya, Barcelona.png"
24/s40,"Statue of Gudea at MET, New York.png"
24/s41,"Statue of Hadrian at The State Hermitage Museum, St Petersburg.png"
24/s42,Statue of Hercules.png
24/s43,Statue of Hermaphroditus.png
24/s44,Statue of Hermes [2].png
24/s45,Statue of Hermes Loghios.png
24/s46,Statue of Hygeia.png
24/s47,Statue of Icarus.png
24/s48,Statue of John Stuart Mill.png
24/s49,"Statue of Kichijoten at The British Museum, London.png"
24/s50,"Statue of King Amenhotep at The British Museum, London.png"
24/s51,Statue of King Khasekhem.png
24/s52,Statue of King Mentuhotep II standing in the Jubilee Garment.png
24/s53,Statue of Koré.png
24/s54,Statue of Liberty maquette.png
24/s55,"Statue of Lucius Aelius Caesar at The State Hermitage Museum, St Petersburg.png"
24/s56,Statue of male votary.png
24/s57,Statue of male.png
24/s58,"Statue of Marcus Aurelius at The State Hermitage Museum, St Petersburg.png"
24/s59,Statue of Marsyas.png
24/s60,Statue of matron.png
24/s61,Statue of Meleager.png
24/s62,"Statue of Melpomene at The State Hermitage Museum, St Petersburg.png"
24/s63,Statue of Niobes Son.png
24/s64,Statue of Orpheus.png
24/s65,Statue of Osiris Chronocrator.png
24/s66,Statue of Penelope.png
24/s67,Statue of Poseidon with Delphin.png
24/s68,Statue of Queen Charlotte of Mecklenburg-Strelitz.png
24/s69,Statue of Robert (Rabbie) Burns.png
24/s70,Statue of Robert Raikes.png
24/s71,Statue of seated Agrippina.png
24/s72,Statue of Seated Minerva.png
24/s73,Statue of Septimius Severus.png
24/s74,Statue of Sir William Grant.png
25/b0,Terracotta bust of a young girl.png
25/b1,Teresa de la Parra.png
25/b2,"Teodor Mihali bust in Alba Iulia, Romania.png"
25/b3,Tam Dalyell of the Binns.png
25/b4,"Take Ionescu bust in Alba Iulia, Romania.png"
25/b5,"Székely Bertalan in Szeged, Hungary.png"
25/b6,Syrian princess.png
25/b7,Svetlana K Savitskaya.png
25/b8,Suryavarman Bust.png
25/b9,"Surjit Singh Chhokar at The Kelvingrove Museum, Glasgow.png"
25/b10,Sunna.png
25/b11,Study of a Scientist (Bust of Maurice Burton).png
25/b12,Study for the Head of Pax.png
25/b13,"The Capitoline Brutus at The Réunion des Musées Nationaux, Paris.png"
25/b14,The Annunciation roundel.png
25/b15,The Albani Faun.png
25/b16,The Acropolis Kore.png
25/b17,"The ""true face"" of St Dominic.png"
25/b18,"Terracotta Figure of a Woman with Long Hair at The British Museum, London.png"
25/b19,"Terracotta Figure of a Bearded Man at The British Museum, London.png"
25/b20,"The Empress Ariane  at The Louvre, Paris.png"
25/b21,The Emperor Augustus.png
25/b22,The Dream.png
25/b23,"The Divine Hope at The Fine Arts Museum in Ghent, Belgium.png"
25/s0,Terpsichore.png
25/s1,Temple Door Guardian.png
25/s2,"Telemachus Aiming at The State Hermitage Museum, St Petersburg.png"
25/s3,Tanagras.png
25/s4,Tanagra.png
25/s5,Synagoga.png
25/s6,"Sverdlov Yakov Mikhaylovich at MUSEON, Moscow.png"
25/s7,Susanna.png
25/s8,"Surprised Bather at The Musée des Beaux-Arts, Lyon.png"
25/s9,Supports of Marble Tables: Bacchus.png
25/s10,Support angel.png
25/s11,"Sunbeam at the Greenwich Royal Museum, London.png"
25/s12,Summer.png
25/s13,"The Farnese Atlas at The Museo Archeologico Nazionale, Naples.png"
25/s14,"The Clarity at The Palace of Versailles, France.png"
25/s15,The Carpenter.png
25/s16,"The Cardinal Richelieu at The Louvre, Paris.png"
25/s17,"The Call at The Kelvingrove Museum, Glasgow.png"
25/s18,The Bussa Emancipation Memorial Sculpture in Barbados.png
25/s19,"The Broncho Buster at The Amon Carter Museum in Fort Worth, Texas.png"
25/s20,"The Bodhisattva Tara at the British Museum, London.png"
25/s21,"The Barberini Faun at The Louvre, Paris.png"
25/s22,"The Awakening in Chelsea, London.png"
25/s23,The Arrontino (The Blade-Sharpener).png
25/s24,The Arrhenius sarcophagus (top).png
25/s25,"The Apollo Lyceus at The Louvre, Paris.png"
25/s26,The annunciation Mother of God.png
25/s27,The annunciation Archangel Gabriel.png
25/s28,Thalia.png
25/s29,"Thalia, Muse of Comedy at The British Museum, London.png"
25/s30,Terracotta Statuette of an enthroned Pharaoh.png
25/s31,The Girl of Day and Night.png
25/s32,"The Freed Man at The Amon Carter Museum in Fort Worth, Texas.png"
25/s33,"The Forger at The Museum of Fine Arts, Belgium.png"
25/s34,The Foreman.png
25/s35,"The force of will at the Orsay Museum, Paris, France.png"
25/s36,"The Faunesse in Valenciennes, France.png"
25/s37,The Erythraean Sibyl.png
25/s38,The Dying Seneca or Borghese Fisherman.png
26/b0,The Moor.png
26/b1,"The Juno Ludovisi at The Faculty of Classics, Cambridge.png"
26/b2,The Jewish woman of Algiers.png
26/b3,The invalid.png
26/b4,The Hope Roma.png
26/b5,"The Harpy Celaeno at The Kelvingrove Museum, Glasgow.png"
26/b6,"The Great Buddha at Kamakura, Japan.png"
26/b7,The Strategist.png
26/b8,The Prophet Haggai.png
26/b9,The Philosopher Aristotle.png
26/b10,The old man (El Scior Faust or Il Vecchio).png
26/b11,Thomas Baker.png
26/b12,"The Young Baron Federico Ferrero, who was Deaf and Dumb.png"
26/s0,The Mower.png
26/s1,"The Milkfarmer in Brussels, Belgium.png"
26/s2,The Metallurgist.png
26/s3,The Little Orphan Girl: In Memoriam.png
26/s4,The Kore with the almond-shaped eyes.png
26/s5,"The Knitter in Ghent, Belgium.png"
26/s6,The Immaculate Conception.png
26/s7,"The harvest at the Petit Palais, Paris.png"
26/s8,The Green Man.png
26/s9,The Great Warrior of Montauban.png
26/s10,"The Goddess Roma at The State Hermitage Museum, St Petersburg.png"
26/s11,The Goddess of the Sun.png
26/s12,The Goat Herd.png
26/s13,"The Sultanganj Buddha at The Birmingham Art Gallery, United Kingdom.png"
26/s14,"The Suffering Pleureuse at The Louvre, Paris.png"
26/s15,"The Spirit of Eternal Rest at the Museum Rodin, Paris.png"
26/s16,The so-called Pomona or Flor Minor.png
26/s17,The Smith.png
26/s18,The Slinger.png
26/s19,The Sleeping Shepherd Boy.png
26/s20,"The Shade at The Musée Rodin, Paris.png"
26/s21,The Sentry.png
26/s22,"The Sculptor Sotnikov at MUZEON, Moscow.png"
26/s23,The Sanguine - From a Group of the Four Humours.png
26/s24,The Prophets Isaiah and Jeremiah.png
26/s25,The Prophets Hezekiel and Daniel.png
26/s26,The Pouring Satyr.png
26/s27,"The Phlegmatic at The Palace of Versailles, France.png"
26/s28,The Old Drunkard.png
26/s29,The Nymph Salmacis.png
26/s30,"The Nymph Salmacis at The Louvre, Paris.png"
26/s31,The Necropolises.png
26/s32,Thorn-puller.png
26/s33,The War Memorial of the First World War.png
26/s34,The Vow of Innocence (The Insensitive).png
26/s35,The Virgin.png
26/s36,The Vigil of Alexander of Macedon.png
26/s37,"The Victory at The Orsay Museum, Paris, France.png"
26/s38,"The Venus Callipyge at The Louvre, Paris.png"
26/s39,"The Varvakeion Athena at The National Archaeological Museum of Athens, Greece.png"
26/s40,The Tiber as archive of Roman religious history.png
27/b0,Torosyans Portrait.png
27/b1,"Torok Janos in Timisoara, Romania.png"
27/b2,Titus.png
27/b3,Titus Caesernius Statianus.png
27/b4,"Tindaro Screpolato in the Boboli Gardens, Florence.png"
27/b5,"Tiberius in Warandepark, Brussels.png"
27/b6,Tresurer of the temple of Amun.png
27/b7,Trajan.png
27/b8,"Traian Vuia in Traian Vuia, Romania.png"
27/b9,"Tóth Mihály in Szeged, Hungary.png"
27/b10,Unfinished portrait herm.png
27/b11,Ugo Foscolo.png
27/b12,"Tyche at The Musée des Beaux-Arts, Lyon.png"
27/b13,Tsesarevich Alexei.png
27/s0,Top of Funeral Urn.png
27/s1,Tirumankai Alvar.png
27/s2,Tirthankara.png
27/s3,"Tiridates at The Palace of Versailles, France.png"
27/s4,"Tine in Sint-Niklaas, Belgium.png"
27/s5,"Tikhon at MUZEON, Moscow.png"
27/s6,Tiberius.png
27/s7,"Trajan in Deva, Romania.png"
27/s8,"Townley Cariatid at The British Museum, London.png"
27/s9,Tower of the International.png
27/s10,Torso of Omphalos Apollo.png
27/s11,Torso of an Old Fisherman.png
27/s12,Unfinished Kouros (youth).png
27/s13,Unfinished funerary statue of a sphinx.png
27/s14,Unfinished female funerary statue.png
27/s15,"Ulysses on the Island of Calypso at The Palais des Beaux-Arts in Lille, France.png"
27/s16,"Ugolin at The Rodin Museum, Paris, France.png"
27/s17,"Ugo Foscolo at The Borghese Gardens, Rome.png"
27/s18,UCL Gallery - 74.png
27/s19,UCL Gallery - 64.png
27/s20,Tyche.png
27/s21,Two Angels.png
27/s22,Twilight (Le Crépuscule).png
27/s23,Turner Tarnauskas.png
27/s24,Tsar riding a horse.png
28/b0,"Valery Chkalov at The State Hermitage Museum, St Petersburg.png"
28/b1,Valentin Petrovich Glushko.png
28/b2,Uta von Ballenstedt.png
28/b3,"Urbano Rattazzi at The Borghese Gardens, Rome.png"
28/b4,"Upper part of a statue of Tashereteneset at The British Museum, London.png"
28/b5,"Upper part of a standing figure at The British Museum, London.png"
28/b6,"Unnamed young man at The British Museum, London.png"
28/b7,"Unnamed Bust at The Louvre, Paris.png"
28/b8,Unknown.png
28/b9,Unknown Roman.png
28/b10,Unknown Roman woman.png
28/b11,Unknown mans head.png
28/b12,"Unknown Bust, possibly Plato (?).png"
28/b13,Unknown Bust of a Woman.png
28/b14,"Unknown Bust at The Louvre, Paris.png"
28/b15,Unknown Bust 3.png
28/b16,Unknown Bust 2.png
28/b17,Unknown Bust (Photosculpture) at The Collection of Gérard Lévy.png
28/b18,Unknown Bronze Head.png
28/b19,Unidentified portrait.png
28/b20,"Unidentified portrait, the so-called Solon.png"
28/b21,Unidentified Bust.png
28/b22,"Virgil Birou in Timisoara, Romania.png"
28/b23,"Vincenzo Monti at The Borghese Gardens, Rome.png"
28/b24,"Vincenzo Bellini at The Borghese Garden, Italy.png"
28/b25,"Vincentiu Babes in Timisoara, Romania.png"
28/b26,Vincent dIndy.png
28/b27,"Victor Fenesiu in Faget, Romania.png"
28/b28,Vespasian.png
28/b29,"Verri at The Borghese Gardens, Rome.png"
28/b30,Venus.png
28/b31,Venus of Martres.png
28/b32,Venus (?).png
28/b33,"Veiled Woman at The Louvre, Paris.png"
28/b34,"Veiled Female Head from an Athenian Grave Stelae at The British Museum, London.png"
28/b35,Vulcain.png
28/b36,Vladimir Stepanovich Chicherov.png
28/b37,Vladimir Moshin Bust.png
28/b38,Vladimir Mikhaylovich Komarov.png
28/b39,Vladimir Alekseyevich Solovyov.png
28/b40,"Vittoria della Rovere, Wife of Ferdinando II.png"
28/b41,"Vittorio Alfieri at The Borghese Gardens, Rome.png"
28/b42,"Vittoria Colonna at The Palais des Beaux-Arts in Lille, France.png"
28/b43,Virginia Woolf bust.png
28/b44,Virginia Agnelli Bourbon del Monte di San Faustino.png
28/b45,Virgin Mary Expectant.png
28/s0,"Variant of The Venus Kallipygos in Brussels, Belgium.png"
28/s1,"Valentin in the Viktualienmarkt, Munich.png"
28/s2,V Gverriera.png
28/s3,"Uranus at The Palace of Versailles, France.png"
28/s4,Unvanquished.png
28/s5,Unknown woman.png
28/s6,"Unknown Statue (Student?) at The Botanical Garden, Cluj.png"
28/s7,Unknown man.png
28/s8,Unknown (Statue of a Boy (?)).png
28/s9,Unknow.png
28/s10,"Villard de Honnecourt in Cambrai, France.png"
28/s11,"Via Labicana Augustus at The Réunion des Musées Nationaux, Paris.png"
28/s12,Vestalis Maxima.png
28/s13,"Vestale or Allegory of Silence at The Jardin des Tuileries, Paris.png"
28/s14,Vertumnus.png
28/s15,"Vertumnus at the Jardin des Tuileries, Paris, France.png"
28/s16,Veritas.png
28/s17,"Venus Victrix at the Petit Palais, Paris.png"
28/s18,Venus Victorious at the Middelheim Museum.png
28/s19,Venus Verticordia.png
28/s20,"Venus of Richelieu at The Palace of Versailles, France.png"
28/s21,"Venus of Arles (Cesi) at The Louvre, Paris.png"
28/s22,Venus Italica.png
28/s23,Venus Genetrix.png
28/s24,"Venus Fountain at Sloane Square, London.png"
28/s25,"Venus at The British Museum, London.png"
28/s26,Venus and child.png
28/s27,Venus (?).png
28/s28,Venere (Venus).png
28/s29,Velleda.png
28/s30,Veiled Woman.png
28/s31,Votive statue of a Ptolemaic ruler.png
28/s32,Votive Offerings 3.png
28/s33,Votive Offerings 2.png
28/s34,Votive Offerings 1.png
28/s35,"Virupaksa at The Guimet Museum, Paris.png"
28/s36,Virtue Oppressed Deception.png
29/b0,White Aphroid.png
29/b1,Wealthy Worshipper.png
29/b2,Water Spout Depicting Pan or a Satyr.png
29/b3,Wall Relief with the Protective Goddess of a City.png
29/b4,Waking.png
29/b5,"Wagner at The Réunion des Musées Nationaux, Paris.png"
29/s0,White Sea.png
29/s1,"Western Theatre in Resita, Romania.png"
29/s2,"Werve, Claus de MOURNER.png"
29/s3,Well-curb with Dionysiac cortege.png
29/s4,"Welcome Statue 4 in Szeged, Hungary.png"
29/s5,"Welcome Statue 3 in Szeged, Hungary.png"
29/s6,Water Goddess.png
29/s7,Washington Resigning His Commission.png
29/s8,"Warrior Ancestor Figure at The Kimbell Art Museum, America.png"
29/s9,"Warrior 4 - Terracotta Army at Emperor Qinshihuangs Mausoleum Site Museum, China.png"
29/s10,"Warrior 2 - Terracotta Army at Emperor Qinshihuangs Mausoleum Site Museum, China.png"
29/s11,"Warrior - Terracotta Army at Emperor Qinshihuangs Mausoleum Site Museum, China.png"
29/s12,"War Dove monument in Brussels, Belgium.png"
29/s13,Walking Shakyamuni Buddha.png
29/s14,Waiting.png
29/s15,Waiting monk Ambrosius.png
29/s16,"Wahibre at The British Museum, London.png"
